-- File đã chỉnh mốc thời gian gần hiện tại (ngày tạo: 2026-05-09)
-- Quy ước chỉnh: dữ liệu vận hành 01/11/2025 - 01/01/2026 được dời lên thành 01/03/2026 - 01/05/2026.
-- Các bảng đã đồng bộ mốc ngày: PhanCongCa, DonDatMon, HoaDon, GiaoCa, KhuyenMai, KhachHang, NhanVien.

-- Import dữ liệu mẫu lớn cho database đã tạo sẵn
USE QuanLyNhaHang;



-- Dọn dữ liệu mẫu cũ trước khi import dữ liệu mẫu lớn
-- Lý do: tránh lỗi Duplicate entry như tài khoản 'admin', mã bàn, mã món, mã hóa đơn...
-- Lưu ý: đây là script RESET dữ liệu mẫu; không chạy trên DB thật nếu muốn giữ dữ liệu.
-- DELETE FROM LichSuSuDungKM;
-- DELETE FROM GiaoCa;
-- DELETE FROM HoaDon;
-- DELETE FROM ChiTietHoaDon;
-- DELETE FROM DonDatMon;
-- DELETE FROM PhanCongCa;
-- DELETE FROM MonAn;
-- DELETE FROM DanhMucMon;
-- DELETE FROM NhanVien;
-- DELETE FROM KhachHang;
-- DELETE FROM KhuyenMai;
-- DELETE FROM Ban;
-- DELETE FROM CaLam;
-- DELETE FROM TaiKhoan;


-- 1. Tài khoản
-- Mật khẩu mẫu để đăng nhập/test: 123456
-- Ghi chú: nếu hàm hashPassword() của project đang dùng dạng 'hashed_' + Java String.hashCode(),
-- thì 123456 sẽ được lưu là: hashed_1450575459.
-- Tài khoản mẫu: admin, nv_binh, nv_chi, nv_dung, nv_duy.
INSERT IGNORE INTO TaiKhoan (tenTK, matKhau, trangThai) VALUES
                                                            ('admin', 'hashed_92668751', TRUE),
                                                            (N'nv_binh', N'hashed_-860005230', TRUE), -- Mật khẩu: binh12345
                                                            (N'nv_chi', N'hashed_1603487247', TRUE), -- Mật khẩu: chi12345
                                                            (N'nv_dung', N'hashed_-769688471', TRUE), -- Mật khẩu: dung12345
                                                            (N'nv_duy', N'hashed_-1837957333', TRUE); -- Mật khẩu: duy12345

-- 2. Ca làm
INSERT INTO CaLam (maCa, tenCa, gioBatDau, gioKetThuc) VALUES
('CA-01', 'Ca Sáng', '06:00:00', '14:00:00'),
('CA-02', 'Ca Tối', '14:00:00', '22:00:00'),
('CA-03', 'Ca Part-time Tối', '18:00:00', '22:00:00'),
('CA-04', 'Ca Part-time Sáng', '06:00:00', '10:00:00');

-- 3. Bàn
INSERT INTO Ban (maBan, tenBan, soGhe, trangThai, gioMoBan, khuVuc) VALUES
('BAN01', 'Bàn 1', 4, 'TRONG', NULL, 'Tầng trệt'),
('BAN02', 'Bàn 2', 4, 'TRONG', NULL, 'Tầng trệt'),
('BAN03', 'Bàn 3', 2, 'TRONG', NULL, 'Tầng trệt'),
('BAN04', 'Bàn 4', 2, 'TRONG', NULL, 'Tầng trệt'),
('BAN05', 'Bàn 5', 4, 'TRONG', NULL, 'Tầng trệt'),
('BAN06', 'Bàn 6', 4, 'TRONG', NULL, 'Tầng trệt'),
('BAN07', 'Bàn 7', 4, 'TRONG', NULL, 'Tầng trệt'),
('BAN08', 'Bàn 8', 4, 'TRONG', NULL, 'Tầng trệt'),
('BAN09', 'Bàn 9', 8, 'TRONG', NULL, 'Tầng trệt'),
('BAN10', 'Bàn 10', 8, 'TRONG', NULL, 'Tầng trệt'),
('BAN11', 'Bàn 11', 4, 'TRONG', NULL, 'Tầng trệt'),
('BAN12', 'Bàn 12', 4, 'TRONG', NULL, 'Tầng trệt'),
('BAN13', 'Bàn 13', 2, 'TRONG', NULL, 'Tầng trệt'),
('BAN14', 'Bàn 14', 2, 'TRONG', NULL, 'Tầng trệt'),
('BAN15', 'Bàn 15', 6, 'TRONG', NULL, 'Tầng trệt'),
('BAN16', 'Bàn 16', 6, 'TRONG', NULL, 'Tầng trệt'),
('BAN17', 'Bàn 17', 4, 'TRONG', NULL, 'Tầng trệt'),
('BAN18', 'Bàn 18', 4, 'TRONG', NULL, 'Tầng trệt'),
('BAN19', 'Bàn 19', 2, 'TRONG', NULL, 'Tầng trệt'),
('BAN20', 'Bàn 20', 2, 'TRONG', NULL, 'Tầng trệt'),
('BAN21', 'Bàn 21', 6, 'TRONG', NULL, 'Tầng 1'),
('BAN22', 'Bàn 22', 6, 'TRONG', NULL, 'Tầng 1'),
('BAN23', 'Bàn 23', 4, 'TRONG', NULL, 'Tầng 1'),
('BAN24', 'Bàn 24', 4, 'TRONG', NULL, 'Tầng 1'),
('BAN25', 'Bàn 25', 8, 'TRONG', NULL, 'Tầng 1'),
('BAN26', 'Bàn 26', 8, 'TRONG', NULL, 'Tầng 1'),
('BAN27', 'Bàn 27', 4, 'TRONG', NULL, 'Tầng 1'),
('BAN28', 'Bàn 28', 4, 'TRONG', NULL, 'Tầng 1'),
('BAN29', 'Bàn 29', 2, 'TRONG', NULL, 'Tầng 1'),
('BAN30', 'Bàn 30', 2, 'TRONG', NULL, 'Tầng 1'),
('BAN31', 'Bàn 31', 6, 'TRONG', NULL, 'Tầng 1'),
('BAN32', 'Bàn 32', 6, 'TRONG', NULL, 'Tầng 1'),
('BAN33', 'Bàn 33', 4, 'TRONG', NULL, 'Tầng 1'),
('BAN34', 'Bàn 34', 4, 'TRONG', NULL, 'Tầng 1'),
('BAN35', 'Bàn 35', 4, 'TRONG', NULL, 'Tầng 1'),
('BAN36', 'Bàn 36', 4, 'TRONG', NULL, 'Tầng 1'),
('BAN37', 'Bàn 37', 2, 'TRONG', NULL, 'Tầng 1'),
('BAN38', 'Bàn 38', 2, 'TRONG', NULL, 'Tầng 1'),
('BAN39', 'Bàn 39', 8, 'TRONG', NULL, 'Tầng 1'),
('BAN40', 'Bàn 40', 8, 'TRONG', NULL, 'Tầng 1');

-- 4. Nhân viên
INSERT INTO NhanVien (maNV, hoTen, ngaySinh, gioiTinh, sdt, diaChi, ngayVaoLam, luong, tenTK, vaiTro,email) VALUES
('NV02101', 'Nguyễn Văn An', '1990-01-15', 'Nam', '0988888888', '1 Nguyễn Huệ, Q1', '2025-01-10', 15000000.00, 'admin', 'QUANLY', 'an.nguyen@starguardian.com'),
('NV01102', 'Trần Thị Bình', '1998-04-20', 'Nữ', '0977777777', '2 Võ Thị Sáu, Q3', '2025-08-15', 7500000.00, 'nv_binh', 'NHANVIEN', 'binh.tran@starguardian.com'),
('NV01103', 'Lê Văn Chí', '2000-07-10', 'Nam', '0966666666', '3 Trần Hưng Đạo, Q5', '2025-09-01', 7000000.00, 'nv_chi', 'NHANVIEN', 'chi.le@starguardian.com'),
('NV01104', 'Phạm Thị Dung', '1995-11-05', 'Nữ', '0955555555', '4 Lê Lai, Q1', '2025-10-10', 8000000.00, 'nv_dung', 'NHANVIEN', 'dung.pham@starguardian.com'),
('NV01105', 'Hoàng Văn Duy', '1999-02-25', 'Nam', '0944444444', '5 Pasteur, Q3', '2026-01-05', 6500000.00, 'nv_duy', 'NHANVIEN', 'duy.hoang@starguardian.com');

INSERT INTO DanhMucMon (maDM, tenDM, moTa, maNV) VALUES
('DM0001', 'Món Âu & Á', 'Các món Steak, Mỳ Ý và món Á cách tân', 'NV02101'),
('DM0002', 'Bar & Coffee', 'Các loại trà, cà phê máy và mocktail', 'NV02101'),
('DM0003', 'Hầm Rượu Vang', 'Bộ sưu tập rượu vang thượng hạng', 'NV02101');

INSERT INTO MonAn (maMonAn, tenMon, moTa, donGia, donViTinh, trangThai, hinhAnh, maDM) VALUES
('MA101', 'Súp Bí Đỏ Kem Tươi', 'Súp bí đỏ nghiền mịn nấu cùng kem tươi béo ngậy', 50000.00, 'Dĩa', 'Còn', 'supBiDo.jpg', 'DM0001'),
('MA103', 'Nước Khoáng Tinh Khiết', 'Nước khoáng thiên nhiên phục vụ kèm đá', 10000.00, 'Ly', 'Còn', 'water.jpg', 'DM0002'),
('MA104', 'Trà Lài Nóng', 'Trà lài hương thơm nhẹ nhàng (Refill)', 3000.00, 'Tách', 'Còn', 'traLai.jpg', 'DM0002'),
('MA105', 'Cabernet Sauvignon (Chile)', 'Vang đỏ Chile, hương trái cây đậm đà, 750ml', 350000.00, 'Chai', 'Còn', 'vangChile.jpg', 'DM0003'),
('MA106', 'Mỳ Ý Hải Sản Sốt Cà', 'Spaghetti với tôm, mực và sốt cà chua húng quế', 100000.00, 'Dĩa', 'Còn', 'spaghetti.jpg', 'DM0001'),
('MA107', 'Bánh Mì Bơ Tỏi', 'Bánh mì nướng giòn sốt bơ tỏi và lá thơm', 49000.00, 'Phần', 'Còn', 'garlicBread.jpg', 'DM0001'),
('MA108', 'Salad Caesar Ức Gà', 'Rau Roman, ức gà nướng, phô mai Parmesan', 60000.00, 'Dĩa', 'Còn', 'saladCaesar.jpg', 'DM0001'),
('MA119', 'Burger Bò Phô Mai', 'Bò nướng lửa hồng, phô mai Cheddar tan chảy', 55000.00, 'Cái', 'Còn', 'burger.jpg', 'DM0001'),
('MA110', 'Cơm Chiên Hoàng Kim', 'Cơm chiên hải sản màu vàng nghệ thuật', 65000.00, 'Dĩa', 'Còn', 'comChien.jpg', 'DM0001'),
('MA111', 'Thăn Bò Úc Sốt Tiêu', 'Bò Úc cắt quân cờ, khoai tây và sốt tiêu đen', 120000.00, 'Dĩa', 'Còn', 'beefsteak.jpg', 'DM0001'),
('MA112', 'Khoai Tây Chiên Bơ', 'Khoai tây chiên giòn lắc bơ đường', 35000.00, 'Dĩa', 'Còn', 'frenchFries.jpg', 'DM0001'),
('MA113', 'Sườn Nướng BBQ Tảng', 'Sườn heo nướng sốt BBQ (Phần 2-3 người)', 250000.00, 'Khay', 'Còn', 'bbqRibs.jpg', 'DM0001'),
('MA114', 'Nấm Xào Bơ Tỏi', 'Nấm tươi xào bơ tỏi thơm lừng', 45000.00, 'Dĩa', 'Còn', 'namXao.jpg', 'DM0001'),
('MA115', 'Espresso', 'Cà phê máy đậm đà phong cách Ý', 25000.00, 'Tách', 'Còn', 'espresso.jpg', 'DM0002'),
('MA116', 'Trà Đào Cam Sả', 'Trà đào miếng tươi kết hợp cam vàng và sả', 35000.00, 'Ly', 'Còn', 'traDao.jpg', 'DM0002'),
('MA117', 'Soda Blue Ocean', 'Soda xanh mát lạnh vị vỏ cam Curacao', 30000.00, 'Ly', 'Còn', 'sodaBlue.jpg', 'DM0002'),
('MA118', 'Sauvignon Blanc (Pháp)', 'Vang trắng Pháp, hương hoa cỏ, 750ml', 380000.00, 'Chai', 'Còn', 'vangPhap.jpg', 'DM0003');

-- 7. Khuyến mãi
INSERT INTO KhuyenMai (maKM, tenKM, moTa, ngayBatDau, ngayKetThuc, loaiGiam, giaTriGiam, trangThai, dieuKienApDung) VALUES
('KMHE2026', 'Chào hè 2026', 'Giảm 15% tổng hóa đơn', '2026-04-01', '2026-08-31', 'Giảm theo phần trăm', 15.00, 'Đang áp dụng', 200000),
('GIAM20K', 'Giảm 20.000đ', 'Giảm 20.000đ cho hóa đơn từ 100.000đ', '2026-03-01', '2026-06-30', 'Giảm giá số tiền', 20000.00, 'Đang áp dụng', 100000),
('SINHNHAT', 'Chúc mừng sinh nhật', 'Giảm 30% cho khách hàng thành viên', '2026-01-01', '2026-12-31', 'Giảm theo phần trăm', 30.00, 'Đang áp dụng', 0);

INSERT INTO KhachHang (maKH, tenKH, gioiTinh, sdt, hangThanhVien, tongChiTieu, ngaySinh, diaChi, ngayThamGia, email) VALUES
('KH20260301001', 'Trần Minh Hoài', 'Nam', '0987656442', 'MEMBER', 0.00, '1990-01-01', 'TP.HCM', '2026-01-01', 'hoaiminh@email.com'),
('KH20260301002', 'Trần Văn Bảo', 'Nam', '0912345678', 'MEMBER', 0.00, '1995-05-15', '123 Lê Lợi, Q1', '2026-01-02', 'bao.tran@email.com'),
('KH20260301003', 'Nguyễn Thị Lan', 'Nữ', '0987654321', 'MEMBER', 0.00, '1992-11-30', '456 Hai Bà Trưng, Q3', '2026-01-03', 'lan.nguyen@email.com'),
('KH20260301004', 'Lê Minh Hùng', 'Nam', '0933445566', 'MEMBER', 0.00, '1988-02-10', '789 Nguyễn Trãi, Q5', '2026-01-04', 'hung.le@email.com'),
('KH20260301005', 'Phạm Hoàng Yến', 'Nữ', '0977889900', 'MEMBER', 0.00, '2000-07-22', '321 CMT8, Q10', '2026-01-05', 'yen.pham@email.com'),
('KH20260301006', 'Võ Thành Trung', 'Nam', '0905112233', 'MEMBER', 0.00, '1990-01-20', 'Bình Dương', '2026-01-06', 'trung.vo@email.com'),
('KH20260301007', 'Đặng Minh Tuấn', 'Nam', '0901234567', 'MEMBER', 0.00, '1998-03-12', '15 Điện Biên Phủ, Q.Bình Thạnh', '2026-01-07', 'tuan.dang@email.com'),
('KH20260301008', 'Bùi Thị Hương', 'Nữ', '0902345678', 'MEMBER', 0.00, '2001-08-25', '22 Cách Mạng Tháng 8, Q.3', '2026-01-08', 'huong.bui@email.com'),
('KH20260301009', 'Trương Văn Đức', 'Nam', '0903456789', 'MEMBER', 0.00, '1993-06-18', '45 Lý Thường Kiệt, Q.Tân Bình', '2026-01-09', 'duc.truong@email.com'),
('KH20260301010', 'Ngô Thị Mai', 'Nữ', '0904567890', 'MEMBER', 0.00, '1996-12-08', '78 Nguyễn Thị Minh Khai, Q.1', '2026-01-10', 'mai.ngo@email.com'),
('KH20260301011', 'Phan Minh Khôi', 'Nam', '0905678901', 'MEMBER', 0.00, '1999-04-30', '12 Phan Xích Long, Q.Phú Nhuận', '2026-01-11', 'khoi.phan@email.com'),
('KH20260301012', 'Hoàng Thị Thảo', 'Nữ', '0906789012', 'MEMBER', 0.00, '1994-09-14', '56 Hoàng Văn Thụ, Q.Tân Bình', '2026-01-12', 'thao.hoang@email.com'),
('KH20260301013', 'Vũ Quang Huy', 'Nam', '0907890123', 'MEMBER', 0.00, '1997-02-27', '89 Trường Chinh, Q.12', '2026-01-13', 'huy.vu@email.com'),
('KH20260301014', 'Đinh Thị Nga', 'Nữ', '0908901234', 'MEMBER', 0.00, '1991-11-03', '34 Xô Viết Nghệ Tĩnh, Q.Bình Thạnh', '2026-01-14', 'nga.dinh@email.com'),
('KH20260301015', 'Lý Văn Phong', 'Nam', '0909012345', 'MEMBER', 0.00, '1989-07-19', '67 Đinh Tiên Hoàng, Q.1', '2026-01-15', 'phong.ly@email.com'),
('KH20260301016', 'Trịnh Thị Kim', 'Nữ', '0910123456', 'MEMBER', 0.00, '1993-05-22', '90 Nguyễn Đình Chiểu, Q.3', '2026-01-16', 'kim.trinh@email.com'),
('KH20260301017', 'Đỗ Minh Tâm', 'Nam', '0911234567', 'MEMBER', 0.00, '1996-10-11', '23 Lê Văn Sỹ, Q.3', '2026-01-17', 'tam.do@email.com'),
('KH20260301018', 'Chu Thị Hà', 'Nữ', '0912345679', 'MEMBER', 0.00, '1990-03-08', '45 Nam Kỳ Khởi Nghĩa, Q.1', '2026-01-18', 'ha.chu@email.com'),
('KH20260301019', 'Mai Văn Long', 'Nam', '0913456780', 'MEMBER', 0.00, '1987-12-25', '78 Phan Đăng Lưu, Q.Phú Nhuận', '2026-01-19', 'long.mai@email.com'),
('KH20260301020', 'Lâm Thị Phượng', 'Nữ', '0914567891', 'MEMBER', 0.00, '1985-08-15', '12 Tôn Đức Thắng, Q.1', '2026-01-20', 'phuong.lam@email.com'),
('KH20260301021', 'Nguyễn Văn Hùng', 'Nam', '0911111111', 'MEMBER', 0.00, '1985-03-15', '123 Nguyễn Văn Linh, Q7', '2026-01-21', 'hung.nguyen@email.com'),
('KH20260301022', 'Trần Thị Mai', 'Nữ', '0912222222', 'MEMBER', 0.00, '1990-07-20', '456 Lê Văn Việt, Q9', '2026-01-22', 'mai.tran@email.com'),
('KH20260301023', 'Lê Văn Nam', 'Nam', '0913333333', 'MEMBER', 0.00, '1992-05-10', '789 Nguyễn Hữu Thọ, Q7', '2026-01-23', 'nam.le@email.com'),
('KH20260301024', 'Phạm Thị Lan', 'Nữ', '0914444444', 'MEMBER', 0.00, '1995-11-25', '321 Huỳnh Tấn Phát, Q7', '2026-01-24', 'lan.pham@email.com'),
('KH20260301025', 'Hoàng Văn Tuấn', 'Nam', '0915555555', 'MEMBER', 0.00, '1988-08-12', '654 Nguyễn Văn Linh, Q7', '2026-01-25', 'tuan.hoang@email.com'),
('KH20260301026', 'Vũ Thị Hương', 'Nữ', '0916666666', 'MEMBER', 0.00, '1993-02-18', '987 Nguyễn Thị Thập, Q7', '2026-01-26', 'huong.vu@email.com'),
('KH20260301027', 'Đặng Văn Bình', 'Nam', '0917777777', 'MEMBER', 0.00, '1986-12-05', '147 Nguyễn Văn Quỳ, Q7', '2026-01-27', 'binh.dang@email.com'),
('KH20260301028', 'Bùi Thị Ngọc', 'Nữ', '0918888888', 'MEMBER', 0.00, '1991-04-30', '258 Nguyễn Văn Linh, Q7', '2026-01-28', 'ngoc.bui@email.com'),
('KH20260301029', 'Đỗ Văn Long', 'Nam', '0919999999', 'MEMBER', 0.00, '1984-09-22', '369 Nguyễn Hữu Thọ, Q7', '2026-01-29', 'long.do@email.com'),
('KH20260301030', 'Lý Thị Thu', 'Nữ', '0920000000', 'MEMBER', 0.00, '1989-01-14', '472 Lê Văn Việt, Q9', '2026-01-30', 'thu.ly@email.com');

INSERT INTO PhanCongCa (maNV, maCa, ngayLam) VALUES
('NV01102', 'CA-01', '2026-03-01'),
('NV01103', 'CA-01', '2026-03-01'),
('NV01104', 'CA-02', '2026-03-01'),
('NV01105', 'CA-03', '2026-03-01'),
('NV01102', 'CA-01', '2026-03-02'),
('NV01104', 'CA-01', '2026-03-02'),
('NV01103', 'CA-02', '2026-03-02'),
('NV01105', 'CA-04', '2026-03-02'),
('NV01103', 'CA-01', '2026-03-03'),
('NV01105', 'CA-01', '2026-03-03'),
('NV01102', 'CA-02', '2026-03-03'),
('NV01104', 'CA-02', '2026-03-03'),
('NV01102', 'CA-01', '2026-03-04'),
('NV01103', 'CA-01', '2026-03-04'),
('NV01104', 'CA-02', '2026-03-04'),
('NV01105', 'CA-03', '2026-03-04'),
('NV01102', 'CA-01', '2026-03-05'),
('NV01104', 'CA-01', '2026-03-05'),
('NV01103', 'CA-02', '2026-03-05'),
('NV02101', 'CA-02', '2026-03-05'),
('NV01103', 'CA-01', '2026-03-06'),
('NV01105', 'CA-01', '2026-03-06'),
('NV01102', 'CA-02', '2026-03-06'),
('NV01104', 'CA-02', '2026-03-06'),
('NV01102', 'CA-01', '2026-03-07'),
('NV01103', 'CA-01', '2026-03-07'),
('NV01104', 'CA-02', '2026-03-07'),
('NV01105', 'CA-03', '2026-03-07'),
('NV01102', 'CA-01', '2026-03-08'),
('NV01104', 'CA-01', '2026-03-08'),
('NV01103', 'CA-02', '2026-03-08'),
('NV01105', 'CA-04', '2026-03-08'),
('NV01103', 'CA-01', '2026-03-09'),
('NV01105', 'CA-01', '2026-03-09'),
('NV01102', 'CA-02', '2026-03-09'),
('NV01104', 'CA-02', '2026-03-09'),
('NV01102', 'CA-01', '2026-03-10'),
('NV01103', 'CA-01', '2026-03-10'),
('NV01104', 'CA-02', '2026-03-10'),
('NV01105', 'CA-03', '2026-03-10'),
('NV01102', 'CA-01', '2026-03-11'),
('NV01104', 'CA-01', '2026-03-11'),
('NV01103', 'CA-02', '2026-03-11'),
('NV02101', 'CA-02', '2026-03-11'),
('NV01103', 'CA-01', '2026-03-12'),
('NV01105', 'CA-01', '2026-03-12'),
('NV01102', 'CA-02', '2026-03-12'),
('NV01104', 'CA-02', '2026-03-12'),
('NV01102', 'CA-01', '2026-03-13'),
('NV01103', 'CA-01', '2026-03-13'),
('NV01104', 'CA-02', '2026-03-13'),
('NV01105', 'CA-03', '2026-03-13'),
('NV01102', 'CA-01', '2026-03-14'),
('NV01104', 'CA-01', '2026-03-14'),
('NV01103', 'CA-02', '2026-03-14'),
('NV01105', 'CA-04', '2026-03-14'),
('NV01103', 'CA-01', '2026-03-15'),
('NV01105', 'CA-01', '2026-03-15'),
('NV01102', 'CA-02', '2026-03-15'),
('NV01104', 'CA-02', '2026-03-15'),
('NV01102', 'CA-01', '2026-03-16'),
('NV01103', 'CA-01', '2026-03-16'),
('NV01104', 'CA-02', '2026-03-16'),
('NV01105', 'CA-03', '2026-03-16'),
('NV01102', 'CA-01', '2026-03-17'),
('NV01104', 'CA-01', '2026-03-17'),
('NV01103', 'CA-02', '2026-03-17'),
('NV02101', 'CA-02', '2026-03-17'),
('NV01103', 'CA-01', '2026-03-18'),
('NV01105', 'CA-01', '2026-03-18'),
('NV01102', 'CA-02', '2026-03-18'),
('NV01104', 'CA-02', '2026-03-18'),
('NV01102', 'CA-01', '2026-03-19'),
('NV01103', 'CA-01', '2026-03-19'),
('NV01104', 'CA-02', '2026-03-19'),
('NV01105', 'CA-03', '2026-03-19'),
('NV01102', 'CA-01', '2026-03-20'),
('NV01104', 'CA-01', '2026-03-20'),
('NV01103', 'CA-02', '2026-03-20'),
('NV01105', 'CA-04', '2026-03-20'),
('NV01103', 'CA-01', '2026-03-21'),
('NV01105', 'CA-01', '2026-03-21'),
('NV01102', 'CA-02', '2026-03-21'),
('NV01104', 'CA-02', '2026-03-21'),
('NV01102', 'CA-01', '2026-03-22'),
('NV01103', 'CA-01', '2026-03-22'),
('NV01104', 'CA-02', '2026-03-22'),
('NV01105', 'CA-03', '2026-03-22'),
('NV01102', 'CA-01', '2026-03-23'),
('NV01104', 'CA-01', '2026-03-23'),
('NV01103', 'CA-02', '2026-03-23'),
('NV02101', 'CA-02', '2026-03-23'),
('NV01103', 'CA-01', '2026-03-24'),
('NV01105', 'CA-01', '2026-03-24'),
('NV01102', 'CA-02', '2026-03-24'),
('NV01104', 'CA-02', '2026-03-24'),
('NV01102', 'CA-01', '2026-03-25'),
('NV01103', 'CA-01', '2026-03-25'),
('NV01104', 'CA-02', '2026-03-25'),
('NV01105', 'CA-03', '2026-03-25'),
('NV01102', 'CA-01', '2026-03-26'),
('NV01104', 'CA-01', '2026-03-26'),
('NV01103', 'CA-02', '2026-03-26'),
('NV01105', 'CA-04', '2026-03-26'),
('NV01103', 'CA-01', '2026-03-27'),
('NV01105', 'CA-01', '2026-03-27'),
('NV01102', 'CA-02', '2026-03-27'),
('NV01104', 'CA-02', '2026-03-27'),
('NV01102', 'CA-01', '2026-03-28'),
('NV01103', 'CA-01', '2026-03-28'),
('NV01104', 'CA-02', '2026-03-28'),
('NV01105', 'CA-03', '2026-03-28'),
('NV01102', 'CA-01', '2026-03-29'),
('NV01104', 'CA-01', '2026-03-29'),
('NV01103', 'CA-02', '2026-03-29'),
('NV02101', 'CA-02', '2026-03-29'),
('NV01103', 'CA-01', '2026-03-30'),
('NV01105', 'CA-01', '2026-03-30'),
('NV01102', 'CA-02', '2026-03-30'),
('NV01104', 'CA-02', '2026-03-30');

INSERT INTO PhanCongCa (maNV, maCa, ngayLam) VALUES
('NV01102', 'CA-01', '2026-03-31'),
('NV01103', 'CA-01', '2026-03-31'),
('NV01104', 'CA-02', '2026-03-31'),
('NV01105', 'CA-03', '2026-03-31'),
('NV01102', 'CA-01', '2026-04-01'),
('NV01104', 'CA-01', '2026-04-01'),
('NV01103', 'CA-02', '2026-04-01'),
('NV01105', 'CA-04', '2026-04-01'),
('NV01103', 'CA-01', '2026-04-02'),
('NV01105', 'CA-01', '2026-04-02'),
('NV01102', 'CA-02', '2026-04-02'),
('NV01104', 'CA-02', '2026-04-02'),
('NV01102', 'CA-01', '2026-04-03'),
('NV01103', 'CA-01', '2026-04-03'),
('NV01104', 'CA-02', '2026-04-03'),
('NV01105', 'CA-03', '2026-04-03'),
('NV01102', 'CA-01', '2026-04-04'),
('NV01104', 'CA-01', '2026-04-04'),
('NV01103', 'CA-02', '2026-04-04'),
('NV02101', 'CA-02', '2026-04-04'),
('NV01103', 'CA-01', '2026-04-05'),
('NV01105', 'CA-01', '2026-04-05'),
('NV01102', 'CA-02', '2026-04-05'),
('NV01104', 'CA-02', '2026-04-05'),
('NV01102', 'CA-01', '2026-04-06'),
('NV01103', 'CA-01', '2026-04-06'),
('NV01104', 'CA-02', '2026-04-06'),
('NV01105', 'CA-03', '2026-04-06'),
('NV01102', 'CA-01', '2026-04-07'),
('NV01104', 'CA-01', '2026-04-07'),
('NV01103', 'CA-02', '2026-04-07'),
('NV01105', 'CA-04', '2026-04-07'),
('NV01103', 'CA-01', '2026-04-08'),
('NV01105', 'CA-01', '2026-04-08'),
('NV01102', 'CA-02', '2026-04-08'),
('NV01104', 'CA-02', '2026-04-08'),
('NV01102', 'CA-01', '2026-04-09'),
('NV01103', 'CA-01', '2026-04-09'),
('NV01104', 'CA-02', '2026-04-09'),
('NV01105', 'CA-03', '2026-04-09'),
('NV01102', 'CA-01', '2026-04-10'),
('NV01104', 'CA-01', '2026-04-10'),
('NV01103', 'CA-02', '2026-04-10'),
('NV02101', 'CA-02', '2026-04-10'),
('NV01103', 'CA-01', '2026-04-11'),
('NV01105', 'CA-01', '2026-04-11'),
('NV01102', 'CA-02', '2026-04-11'),
('NV01104', 'CA-02', '2026-04-11'),
('NV01102', 'CA-01', '2026-04-12'),
('NV01103', 'CA-01', '2026-04-12'),
('NV01104', 'CA-02', '2026-04-12'),
('NV01105', 'CA-03', '2026-04-12'),
('NV01102', 'CA-01', '2026-04-13'),
('NV01104', 'CA-01', '2026-04-13'),
('NV01103', 'CA-02', '2026-04-13'),
('NV01105', 'CA-04', '2026-04-13'),
('NV01103', 'CA-01', '2026-04-14'),
('NV01105', 'CA-01', '2026-04-14'),
('NV01102', 'CA-02', '2026-04-14'),
('NV01104', 'CA-02', '2026-04-14'),
('NV01102', 'CA-01', '2026-04-15'),
('NV01103', 'CA-01', '2026-04-15'),
('NV01104', 'CA-02', '2026-04-15'),
('NV01105', 'CA-03', '2026-04-15'),
('NV01102', 'CA-01', '2026-04-16'),
('NV01104', 'CA-01', '2026-04-16'),
('NV01103', 'CA-02', '2026-04-16'),
('NV02101', 'CA-02', '2026-04-16'),
('NV01103', 'CA-01', '2026-04-17'),
('NV01105', 'CA-01', '2026-04-17'),
('NV01102', 'CA-02', '2026-04-17'),
('NV01104', 'CA-02', '2026-04-17'),
('NV01102', 'CA-01', '2026-04-18'),
('NV01103', 'CA-01', '2026-04-18'),
('NV01104', 'CA-02', '2026-04-18'),
('NV01105', 'CA-03', '2026-04-18'),
('NV01102', 'CA-01', '2026-04-19'),
('NV01104', 'CA-01', '2026-04-19'),
('NV01103', 'CA-02', '2026-04-19'),
('NV01105', 'CA-04', '2026-04-19'),
('NV01103', 'CA-01', '2026-04-20'),
('NV01105', 'CA-01', '2026-04-20'),
('NV01102', 'CA-02', '2026-04-20'),
('NV01104', 'CA-02', '2026-04-20'),
('NV01102', 'CA-01', '2026-04-21'),
('NV01103', 'CA-01', '2026-04-21'),
('NV01104', 'CA-02', '2026-04-21'),
('NV01105', 'CA-03', '2026-04-21'),
('NV01102', 'CA-01', '2026-04-22'),
('NV01104', 'CA-01', '2026-04-22'),
('NV01103', 'CA-02', '2026-04-22'),
('NV02101', 'CA-02', '2026-04-22'),
('NV01103', 'CA-01', '2026-04-23'),
('NV01105', 'CA-01', '2026-04-23'),
('NV01102', 'CA-02', '2026-04-23'),
('NV01104', 'CA-02', '2026-04-23'),
('NV01102', 'CA-01', '2026-04-24'),
('NV01103', 'CA-01', '2026-04-24'),
('NV01104', 'CA-02', '2026-04-24'),
('NV01105', 'CA-03', '2026-04-24'),
('NV01102', 'CA-01', '2026-04-25'),
('NV01104', 'CA-01', '2026-04-25'),
('NV01103', 'CA-02', '2026-04-25'),
('NV01105', 'CA-04', '2026-04-25'),
('NV01103', 'CA-01', '2026-04-26'),
('NV01105', 'CA-01', '2026-04-26'),
('NV01102', 'CA-02', '2026-04-26'),
('NV01104', 'CA-02', '2026-04-26'),
('NV01102', 'CA-01', '2026-04-27'),
('NV01103', 'CA-01', '2026-04-27'),
('NV01104', 'CA-02', '2026-04-27'),
('NV01105', 'CA-03', '2026-04-27'),
('NV01102', 'CA-01', '2026-04-28'),
('NV01104', 'CA-01', '2026-04-28'),
('NV01103', 'CA-02', '2026-04-28'),
('NV02101', 'CA-02', '2026-04-28'),
('NV01103', 'CA-01', '2026-04-29'),
('NV01105', 'CA-01', '2026-04-29'),
('NV01102', 'CA-02', '2026-04-29'),
('NV01104', 'CA-02', '2026-04-29'),
('NV01102', 'CA-01', '2026-04-30'),
('NV01103', 'CA-01', '2026-04-30'),
('NV01104', 'CA-02', '2026-04-30'),
('NV01105', 'CA-03', '2026-04-30');

INSERT INTO PhanCongCa (maNV, maCa, ngayLam) VALUES
('NV01102', 'CA-01', '2026-05-01'),
('NV01103', 'CA-01', '2026-05-01'),
('NV01104', 'CA-02', '2026-05-01'),
('NV01105', 'CA-03', '2026-05-01');

INSERT IGNORE INTO PhanCongCa (maNV, maCa, ngayLam) VALUES
-- Thứ 2 - 04/05/2026
('NV01102', 'CA-01', '2026-05-04'),
('NV01103', 'CA-01', '2026-05-04'),
('NV01104', 'CA-02', '2026-05-04'),
('NV01105', 'CA-03', '2026-05-04'),

-- Thứ 3 - 05/05/2026
('NV01102', 'CA-01', '2026-05-05'),
('NV01104', 'CA-01', '2026-05-05'),
('NV01103', 'CA-02', '2026-05-05'),
('NV02101', 'CA-02', '2026-05-05'),

-- Thứ 4 - 06/05/2026
('NV01103', 'CA-01', '2026-05-06'),
('NV01105', 'CA-01', '2026-05-06'),
('NV01102', 'CA-02', '2026-05-06'),
('NV01104', 'CA-02', '2026-05-06'),

-- Thứ 5 - 07/05/2026
('NV01102', 'CA-01', '2026-05-07'),
('NV01103', 'CA-01', '2026-05-07'),
('NV01104', 'CA-02', '2026-05-07'),
('NV01105', 'CA-03', '2026-05-07'),

-- Thứ 6 - 08/05/2026
('NV01102', 'CA-01', '2026-05-08'),
('NV01104', 'CA-01', '2026-05-08'),
('NV01103', 'CA-02', '2026-05-08'),
('NV01105', 'CA-04', '2026-05-08'),

-- Thứ 7 - 09/05/2026
('NV01103', 'CA-01', '2026-05-09'),
('NV01105', 'CA-01', '2026-05-09'),
('NV01102', 'CA-02', '2026-05-09'),
('NV01104', 'CA-02', '2026-05-09'),

-- Chủ nhật - 10/05/2026
('NV01102', 'CA-01', '2026-05-10'),
('NV01103', 'CA-01', '2026-05-10'),
('NV01104', 'CA-02', '2026-05-10'),
('NV01105', 'CA-03', '2026-05-10');


INSERT INTO DonDatMon (maDon, ngayKhoiTao, thoiGianDen, trangThai, maNV, maKH, maBan) VALUES
('DON1101', '2026-03-01 12:00:00', '2026-03-01 12:00:00', 'Đã thanh toán', 'NV01102', 'KH20260301002', 'BAN01'),
('DON1102', '2026-03-01 13:30:00', '2026-03-01 13:30:00', 'Đã thanh toán', 'NV01103', 'KH20260301003', 'BAN02'),
('DON1103', '2026-03-01 19:00:00', '2026-03-01 19:00:00', 'Đã thanh toán', 'NV01104', 'KH20260301015', 'BAN03'),
('DON1104', '2026-03-01 20:00:00', '2026-03-01 20:00:00', 'Đã thanh toán', 'NV01104', 'KH20260301018', 'BAN04'),
('DON1105', '2026-03-02 12:15:00', '2026-03-02 12:15:00', 'Đã thanh toán', 'NV01102', 'KH20260301004', 'BAN05'),
('DON1106', '2026-03-02 13:00:00', '2026-03-02 13:00:00', 'Đã thanh toán', 'NV01104', 'KH20260301016', 'BAN01'),
('DON1107', '2026-03-02 18:30:00', '2026-03-02 18:30:00', 'Đã thanh toán', 'NV01103', 'KH20260301019', 'BAN02'),
('DON1108', '2026-03-02 20:30:00', '2026-03-02 20:30:00', 'Đã thanh toán', 'NV01103', 'KH20260301005', 'BAN03'),
('DON1109', '2026-03-03 12:30:00', '2026-03-03 12:30:00', 'Đã thanh toán', 'NV01103', 'KH20260301006', 'BAN04'),
('DON1110', '2026-03-03 13:45:00', '2026-03-03 13:45:00', 'Đã thanh toán', 'NV01105', 'KH20260301009', 'BAN05'),
('DON1111', '2026-03-03 19:15:00', '2026-03-03 19:15:00', 'Đã thanh toán', 'NV01102', 'KH20260301015', 'BAN01'),
('DON1112', '2026-03-03 20:45:00', '2026-03-03 20:45:00', 'Đã thanh toán', 'NV01104', 'KH20260301020', 'BAN02'),
('DON1113', '2026-03-04 12:00:00', '2026-03-04 12:00:00', 'Đã thanh toán', 'NV01102', 'KH20260301010', 'BAN03'),
('DON1114', '2026-03-04 13:30:00', '2026-03-04 13:30:00', 'Đã thanh toán', 'NV01103', 'KH20260301016', 'BAN04'),
('DON1115', '2026-03-04 18:45:00', '2026-03-04 18:45:00', 'Đã thanh toán', 'NV01104', 'KH20260301018', 'BAN05'),
('DON1116', '2026-03-04 20:15:00', '2026-03-04 20:15:00', 'Đã thanh toán', 'NV01105', 'KH20260301011', 'BAN01'),
('DON1117', '2026-03-05 12:30:00', '2026-03-05 12:30:00', 'Đã thanh toán', 'NV01102', 'KH20260301007', 'BAN02'),
('DON1118', '2026-03-05 14:00:00', '2026-03-05 14:00:00', 'Đã thanh toán', 'NV01104', 'KH20260301015', 'BAN03'),
('DON1119', '2026-03-05 19:00:00', '2026-03-05 19:00:00', 'Đã thanh toán', 'NV01103', 'KH20260301019', 'BAN04'),
('DON1120', '2026-03-05 20:30:00', '2026-03-05 20:30:00', 'Đã thanh toán', 'NV02101', 'KH20260301001', 'BAN05'),
('DON1121', '2026-03-06 12:15:00', '2026-03-06 12:15:00', 'Đã thanh toán', 'NV01103', 'KH20260301012', 'BAN01'),
('DON1122', '2026-03-06 13:15:00', '2026-03-06 13:15:00', 'Đã thanh toán', 'NV01105', 'KH20260301016', 'BAN02'),
('DON1123', '2026-03-06 18:30:00', '2026-03-06 18:30:00', 'Đã thanh toán', 'NV01102', 'KH20260301018', 'BAN03'),
('DON1124', '2026-03-06 20:00:00', '2026-03-06 20:00:00', 'Đã thanh toán', 'NV01104', 'KH20260301013', 'BAN04'),
('DON1125', '2026-03-07 12:00:00', '2026-03-07 12:00:00', 'Đã thanh toán', 'NV01102', 'KH20260301008', 'BAN05'),
('DON1126', '2026-03-07 13:00:00', '2026-03-07 13:00:00', 'Đã thanh toán', 'NV01103', 'KH20260301015', 'BAN01'),
('DON1127', '2026-03-07 18:30:00', '2026-03-07 18:30:00', 'Đã thanh toán', 'NV01104', 'KH20260301019', 'BAN02'),
('DON1128', '2026-03-07 20:15:00', '2026-03-07 20:15:00', 'Đã thanh toán', 'NV01105', 'KH20260301014', 'BAN03'),
('DON1129', '2026-03-08 12:30:00', '2026-03-08 12:30:00', 'Đã thanh toán', 'NV01102', 'KH20260301023', 'BAN04'),
('DON1130', '2026-03-08 13:45:00', '2026-03-08 13:45:00', 'Đã thanh toán', 'NV01104', 'KH20260301016', 'BAN05'),
('DON1131', '2026-03-08 19:00:00', '2026-03-08 19:00:00', 'Đã thanh toán', 'NV01103', 'KH20260301018', 'BAN01'),
('DON1132', '2026-03-08 20:30:00', '2026-03-08 20:30:00', 'Đã thanh toán', 'NV01105', 'KH20260301024', 'BAN02'),
('DON1133', '2026-03-09 12:15:00', '2026-03-09 12:15:00', 'Đã thanh toán', 'NV01103', 'KH20260301025', 'BAN03'),
('DON1134', '2026-03-09 13:15:00', '2026-03-09 13:15:00', 'Đã thanh toán', 'NV01105', 'KH20260301015', 'BAN04'),
('DON1135', '2026-03-09 18:30:00', '2026-03-09 18:30:00', 'Đã thanh toán', 'NV01102', 'KH20260301019', 'BAN05'),
('DON1136', '2026-03-09 20:00:00', '2026-03-09 20:00:00', 'Đã thanh toán', 'NV01104', 'KH20260301026', 'BAN01'),
('DON1137', '2026-03-10 12:30:00', '2026-03-10 12:30:00', 'Đã thanh toán', 'NV01102', 'KH20260301027', 'BAN02'),
('DON1138', '2026-03-10 13:30:00', '2026-03-10 13:30:00', 'Đã thanh toán', 'NV01103', 'KH20260301016', 'BAN03'),
('DON1139', '2026-03-10 19:00:00', '2026-03-10 19:00:00', 'Đã thanh toán', 'NV01104', 'KH20260301018', 'BAN04'),
('DON1140', '2026-03-10 20:30:00', '2026-03-10 20:30:00', 'Đã thanh toán', 'NV01105', 'KH20260301028', 'BAN05'),
('DON1141', '2026-03-11 12:00:00', '2026-03-11 12:00:00', 'Đã thanh toán', 'NV01102', 'KH20260301029', 'BAN01'),
('DON1142', '2026-03-11 13:00:00', '2026-03-11 13:00:00', 'Đã thanh toán', 'NV01104', 'KH20260301015', 'BAN02'),
('DON1143', '2026-03-11 18:30:00', '2026-03-11 18:30:00', 'Đã thanh toán', 'NV01103', 'KH20260301019', 'BAN03'),
('DON1144', '2026-03-11 20:15:00', '2026-03-11 20:15:00', 'Đã thanh toán', 'NV02101', 'KH20260301030', 'BAN04'),
('DON1145', '2026-03-12 12:30:00', '2026-03-12 12:30:00', 'Đã thanh toán', 'NV01103', 'KH20260301021', 'BAN05'),
('DON1146', '2026-03-12 13:30:00', '2026-03-12 13:30:00', 'Đã thanh toán', 'NV01105', 'KH20260301016', 'BAN01'),
('DON1147', '2026-03-12 19:00:00', '2026-03-12 19:00:00', 'Đã thanh toán', 'NV01102', 'KH20260301018', 'BAN02'),
('DON1148', '2026-03-12 20:30:00', '2026-03-12 20:30:00', 'Đã thanh toán', 'NV01104', 'KH20260301022', 'BAN03'),
('DON1149', '2026-03-13 12:15:00', '2026-03-13 12:15:00', 'Đã thanh toán', 'NV01102', 'KH20260301017', 'BAN04'),
('DON1150', '2026-03-13 13:15:00', '2026-03-13 13:15:00', 'Đã thanh toán', 'NV01103', 'KH20260301015', 'BAN05'),
('DON1151', '2026-03-13 18:30:00', '2026-03-13 18:30:00', 'Đã thanh toán', 'NV01104', 'KH20260301016', 'BAN01'),
('DON1152', '2026-03-13 19:45:00', '2026-03-13 19:45:00', 'Đã thanh toán', 'NV01105', 'KH20260301018', 'BAN02'),
('DON1153', '2026-03-14 12:15:00', '2026-03-14 12:15:00', 'Đã thanh toán', 'NV01102', 'KH20260301019', 'BAN03'),
('DON1154', '2026-03-14 13:30:00', '2026-03-14 13:30:00', 'Đã thanh toán', 'NV01104', 'KH20260301020', 'BAN04'),
('DON1155', '2026-03-14 18:45:00', '2026-03-14 18:45:00', 'Đã thanh toán', 'NV01103', 'KH20260301015', 'BAN05'),
('DON1156', '2026-03-14 20:00:00', '2026-03-14 20:00:00', 'Đã thanh toán', 'NV01105', 'KH20260301016', 'BAN01'),
('DON1157', '2026-03-15 12:30:00', '2026-03-15 12:30:00', 'Đã thanh toán', 'NV01103', 'KH20260301018', 'BAN02'),
('DON1158', '2026-03-15 13:45:00', '2026-03-15 13:45:00', 'Đã thanh toán', 'NV01105', 'KH20260301019', 'BAN03'),
('DON1159', '2026-03-15 19:00:00', '2026-03-15 19:00:00', 'Đã thanh toán', 'NV01102', 'KH20260301001', 'BAN04'),
('DON1160', '2026-03-15 20:15:00', '2026-03-15 20:15:00', 'Đã thanh toán', 'NV01104', 'KH20260301015', 'BAN05'),
('DON1161', '2026-03-16 12:00:00', '2026-03-16 12:00:00', 'Đã thanh toán', 'NV01102', 'KH20260301016', 'BAN01'),
('DON1162', '2026-03-16 13:15:00', '2026-03-16 13:15:00', 'Đã thanh toán', 'NV01103', 'KH20260301018', 'BAN02'),
('DON1163', '2026-03-16 18:30:00', '2026-03-16 18:30:00', 'Đã thanh toán', 'NV01104', 'KH20260301019', 'BAN03'),
('DON1164', '2026-03-16 20:00:00', '2026-03-16 20:00:00', 'Đã thanh toán', 'NV01105', 'KH20260301020', 'BAN04'),
('DON1165', '2026-03-17 12:30:00', '2026-03-17 12:30:00', 'Đã thanh toán', 'NV01102', 'KH20260301015', 'BAN05'),
('DON1166', '2026-03-17 13:30:00', '2026-03-17 13:30:00', 'Đã thanh toán', 'NV01104', 'KH20260301016', 'BAN01'),
('DON1167', '2026-03-17 19:00:00', '2026-03-17 19:00:00', 'Đã thanh toán', 'NV01103', 'KH20260301018', 'BAN02'),
('DON1168', '2026-03-17 20:30:00', '2026-03-17 20:30:00', 'Đã thanh toán', 'NV02101', 'KH20260301019', 'BAN03'),
('DON1169', '2026-03-18 12:15:00', '2026-03-18 12:15:00', 'Đã thanh toán', 'NV01103', 'KH20260301007', 'BAN04'),
('DON1170', '2026-03-18 13:15:00', '2026-03-18 13:15:00', 'Đã thanh toán', 'NV01105', 'KH20260301015', 'BAN05'),
('DON1171', '2026-03-18 18:30:00', '2026-03-18 18:30:00', 'Đã thanh toán', 'NV01102', 'KH20260301016', 'BAN01'),
('DON1172', '2026-03-18 20:00:00', '2026-03-18 20:00:00', 'Đã thanh toán', 'NV01104', 'KH20260301018', 'BAN02'),
('DON1173', '2026-03-19 12:30:00', '2026-03-19 12:30:00', 'Đã thanh toán', 'NV01102', 'KH20260301019', 'BAN03'),
('DON1174', '2026-03-19 13:45:00', '2026-03-19 13:45:00', 'Đã thanh toán', 'NV01103', 'KH20260301008', 'BAN04'),
('DON1175', '2026-03-19 19:00:00', '2026-03-19 19:00:00', 'Đã thanh toán', 'NV01104', 'KH20260301015', 'BAN05'),
('DON1176', '2026-03-19 20:15:00', '2026-03-19 20:15:00', 'Đã thanh toán', 'NV01105', 'KH20260301016', 'BAN01'),
('DON1177', '2026-03-20 12:00:00', '2026-03-20 12:00:00', 'Đã thanh toán', 'NV01102', 'KH20260301018', 'BAN02'),
('DON1178', '2026-03-20 13:15:00', '2026-03-20 13:15:00', 'Đã thanh toán', 'NV01104', 'KH20260301019', 'BAN03'),
('DON1179', '2026-03-20 18:30:00', '2026-03-20 18:30:00', 'Đã thanh toán', 'NV01103', 'KH20260301009', 'BAN04'),
('DON1180', '2026-03-20 20:00:00', '2026-03-20 20:00:00', 'Đã thanh toán', 'NV01105', 'KH20260301015', 'BAN05'),
('DON1181', '2026-03-21 12:30:00', '2026-03-21 12:30:00', 'Đã thanh toán', 'NV01103', 'KH20260301016', 'BAN01'),
('DON1182', '2026-03-21 13:45:00', '2026-03-21 13:45:00', 'Đã thanh toán', 'NV01105', 'KH20260301018', 'BAN02'),
('DON1183', '2026-03-21 19:00:00', '2026-03-21 19:00:00', 'Đã thanh toán', 'NV01102', 'KH20260301019', 'BAN03'),
('DON1184', '2026-03-21 20:30:00', '2026-03-21 20:30:00', 'Đã thanh toán', 'NV01104', 'KH20260301020', 'BAN04'),
('DON1185', '2026-03-22 12:15:00', '2026-03-22 12:15:00', 'Đã thanh toán', 'NV01102', 'KH20260301010', 'BAN05'),
('DON1186', '2026-03-22 13:30:00', '2026-03-22 13:30:00', 'Đã thanh toán', 'NV01103', 'KH20260301015', 'BAN01'),
('DON1187', '2026-03-22 18:45:00', '2026-03-22 18:45:00', 'Đã thanh toán', 'NV01104', 'KH20260301016', 'BAN02'),
('DON1188', '2026-03-22 20:15:00', '2026-03-22 20:15:00', 'Đã thanh toán', 'NV01105', 'KH20260301018', 'BAN03'),
('DON1189', '2026-03-23 12:00:00', '2026-03-23 12:00:00', 'Đã thanh toán', 'NV01102', 'KH20260301019', 'BAN04'),
('DON1190', '2026-03-23 13:15:00', '2026-03-23 13:15:00', 'Đã thanh toán', 'NV01104', 'KH20260301011', 'BAN05'),
('DON1191', '2026-03-23 18:30:00', '2026-03-23 18:30:00', 'Đã thanh toán', 'NV01103', 'KH20260301015', 'BAN01'),
('DON1192', '2026-03-23 20:00:00', '2026-03-23 20:00:00', 'Đã thanh toán', 'NV02101', 'KH20260301016', 'BAN02'),
('DON1193', '2026-03-24 12:30:00', '2026-03-24 12:30:00', 'Đã thanh toán', 'NV01103', 'KH20260301018', 'BAN03'),
('DON1194', '2026-03-24 13:45:00', '2026-03-24 13:45:00', 'Đã thanh toán', 'NV01105', 'KH20260301019', 'BAN04'),
('DON1195', '2026-03-24 19:00:00', '2026-03-24 19:00:00', 'Đã thanh toán', 'NV01102', 'KH20260301012', 'BAN05'),
('DON1196', '2026-03-24 20:30:00', '2026-03-24 20:30:00', 'Đã thanh toán', 'NV01104', 'KH20260301015', 'BAN01'),
('DON1197', '2026-03-25 12:15:00', '2026-03-25 12:15:00', 'Đã thanh toán', 'NV01102', 'KH20260301016', 'BAN02'),
('DON1198', '2026-03-25 13:30:00', '2026-03-25 13:30:00', 'Đã thanh toán', 'NV01103', 'KH20260301018', 'BAN03'),
('DON1199', '2026-03-25 18:45:00', '2026-03-25 18:45:00', 'Đã thanh toán', 'NV01104', 'KH20260301019', 'BAN04'),
('DON1200', '2026-03-25 20:15:00', '2026-03-25 20:15:00', 'Đã thanh toán', 'NV01105', 'KH20260301013', 'BAN05'),
('DON1201', '2026-03-26 12:00:00', '2026-03-26 12:00:00', 'Đã thanh toán', 'NV01102', 'KH20260301014', 'BAN01'),
('DON1202', '2026-03-26 13:15:00', '2026-03-26 13:15:00', 'Đã thanh toán', 'NV01104', 'KH20260301015', 'BAN02'),
('DON1203', '2026-03-26 18:30:00', '2026-03-26 18:30:00', 'Đã thanh toán', 'NV01103', 'KH20260301016', 'BAN03'),
('DON1204', '2026-03-26 20:00:00', '2026-03-26 20:00:00', 'Đã thanh toán', 'NV01105', 'KH20260301018', 'BAN04'),
('DON1205', '2026-03-27 12:30:00', '2026-03-27 12:30:00', 'Đã thanh toán', 'NV01103', 'KH20260301019', 'BAN05'),
('DON1206', '2026-03-27 13:45:00', '2026-03-27 13:45:00', 'Đã thanh toán', 'NV01105', 'KH20260301020', 'BAN01'),
('DON1207', '2026-03-27 19:00:00', '2026-03-27 19:00:00', 'Đã thanh toán', 'NV01102', 'KH20260301015', 'BAN02'),
('DON1208', '2026-03-27 20:30:00', '2026-03-27 20:30:00', 'Đã thanh toán', 'NV01104', 'KH20260301016', 'BAN03'),
('DON1209', '2026-03-28 12:15:00', '2026-03-28 12:15:00', 'Đã thanh toán', 'NV01102', 'KH20260301018', 'BAN04'),
('DON1210', '2026-03-28 13:30:00', '2026-03-28 13:30:00', 'Đã thanh toán', 'NV01103', 'KH20260301019', 'BAN05'),
('DON1211', '2026-03-28 18:45:00', '2026-03-28 18:45:00', 'Đã thanh toán', 'NV01104', 'KH20260301007', 'BAN01'),
('DON1212', '2026-03-28 20:15:00', '2026-03-28 20:15:00', 'Đã thanh toán', 'NV01105', 'KH20260301015', 'BAN02'),
('DON1213', '2026-03-29 12:00:00', '2026-03-29 12:00:00', 'Đã thanh toán', 'NV01102', 'KH20260301016', 'BAN03'),
('DON1214', '2026-03-29 13:15:00', '2026-03-29 13:15:00', 'Đã thanh toán', 'NV01104', 'KH20260301018', 'BAN04'),
('DON1215', '2026-03-29 18:30:00', '2026-03-29 18:30:00', 'Đã thanh toán', 'NV01103', 'KH20260301019', 'BAN05'),
('DON1216', '2026-03-29 20:00:00', '2026-03-29 20:00:00', 'Đã thanh toán', 'NV02101', 'KH20260301008', 'BAN01'),
('DON1217', '2026-03-30 12:30:00', '2026-03-30 12:30:00', 'Đã thanh toán', 'NV01103', 'KH20260301015', 'BAN02'),
('DON1218', '2026-03-30 13:45:00', '2026-03-30 13:45:00', 'Đã thanh toán', 'NV01105', 'KH20260301016', 'BAN03'),
('DON1219', '2026-03-30 19:00:00', '2026-03-30 19:00:00', 'Đã thanh toán', 'NV01102', 'KH20260301018', 'BAN04'),
('DON1220', '2026-03-30 20:30:00', '2026-03-30 20:30:00', 'Đã thanh toán', 'NV01104', 'KH20260301019', 'BAN05'),
('DON1221', '2026-03-31 12:00:00', '2026-03-31 12:00:00', 'Đã thanh toán', 'NV01102', 'KH20260301009', 'BAN01'),
('DON1222', '2026-03-31 13:15:00', '2026-03-31 13:15:00', 'Đã thanh toán', 'NV01103', 'KH20260301015', 'BAN02'),
('DON1223', '2026-03-31 18:30:00', '2026-03-31 18:30:00', 'Đã thanh toán', 'NV01104', 'KH20260301016', 'BAN03'),
('DON1224', '2026-03-31 20:00:00', '2026-03-31 20:00:00', 'Đã thanh toán', 'NV01105', 'KH20260301018', 'BAN04'),
('DON1225', '2026-04-01 12:30:00', '2026-04-01 12:30:00', 'Đã thanh toán', 'NV01102', 'KH20260301019', 'BAN05'),
('DON1226', '2026-04-01 13:45:00', '2026-04-01 13:45:00', 'Đã thanh toán', 'NV01104', 'KH20260301010', 'BAN01'),
('DON1227', '2026-04-01 18:30:00', '2026-04-01 18:30:00', 'Đã thanh toán', 'NV01103', 'KH20260301015', 'BAN02'),
('DON1228', '2026-04-01 20:00:00', '2026-04-01 20:00:00', 'Đã thanh toán', 'NV01105', 'KH20260301016', 'BAN03'),
('DON1229', '2026-04-02 12:15:00', '2026-04-02 12:15:00', 'Đã thanh toán', 'NV01103', 'KH20260301018', 'BAN04'),
('DON1230', '2026-04-02 13:30:00', '2026-04-02 13:30:00', 'Đã thanh toán', 'NV01105', 'KH20260301019', 'BAN05'),
('DON1231', '2026-04-02 18:45:00', '2026-04-02 18:45:00', 'Đã thanh toán', 'NV01102', 'KH20260301011', 'BAN01'),
('DON1232', '2026-04-02 20:15:00', '2026-04-02 20:15:00', 'Đã thanh toán', 'NV01104', 'KH20260301015', 'BAN02'),
('DON1233', '2026-04-03 12:00:00', '2026-04-03 12:00:00', 'Đã thanh toán', 'NV01102', 'KH20260301016', 'BAN03'),
('DON1234', '2026-04-03 13:15:00', '2026-04-03 13:15:00', 'Đã thanh toán', 'NV01103', 'KH20260301018', 'BAN04'),
('DON1235', '2026-04-03 18:30:00', '2026-04-03 18:30:00', 'Đã thanh toán', 'NV01104', 'KH20260301019', 'BAN05'),
('DON1236', '2026-04-03 20:00:00', '2026-04-03 20:00:00', 'Đã thanh toán', 'NV01105', 'KH20260301012', 'BAN01'),
('DON1237', '2026-04-04 12:30:00', '2026-04-04 12:30:00', 'Đã thanh toán', 'NV01102', 'KH20260301015', 'BAN02'),
('DON1238', '2026-04-04 13:45:00', '2026-04-04 13:45:00', 'Đã thanh toán', 'NV01104', 'KH20260301016', 'BAN03'),
('DON1239', '2026-04-04 19:00:00', '2026-04-04 19:00:00', 'Đã thanh toán', 'NV01103', 'KH20260301018', 'BAN04'),
('DON1240', '2026-04-04 20:30:00', '2026-04-04 20:30:00', 'Đã thanh toán', 'NV02101', 'KH20260301019', 'BAN05'),
('DON1241', '2026-04-05 12:15:00', '2026-04-05 12:15:00', 'Đã thanh toán', 'NV01103', 'KH20260301013', 'BAN01'),
('DON1242', '2026-04-05 13:30:00', '2026-04-05 13:30:00', 'Đã thanh toán', 'NV01105', 'KH20260301015', 'BAN02'),
('DON1243', '2026-04-05 18:45:00', '2026-04-05 18:45:00', 'Đã thanh toán', 'NV01102', 'KH20260301016', 'BAN03'),
('DON1244', '2026-04-05 20:15:00', '2026-04-05 20:15:00', 'Đã thanh toán', 'NV01104', 'KH20260301018', 'BAN04'),
('DON1245', '2026-04-06 12:00:00', '2026-04-06 12:00:00', 'Đã thanh toán', 'NV01102', 'KH20260301019', 'BAN05'),
('DON1246', '2026-04-06 13:15:00', '2026-04-06 13:15:00', 'Đã thanh toán', 'NV01103', 'KH20260301014', 'BAN01'),
('DON1247', '2026-04-06 18:30:00', '2026-04-06 18:30:00', 'Đã thanh toán', 'NV01104', 'KH20260301015', 'BAN02'),
('DON1248', '2026-04-06 20:00:00', '2026-04-06 20:00:00', 'Đã thanh toán', 'NV01105', 'KH20260301016', 'BAN03'),
('DON1249', '2026-04-07 12:30:00', '2026-04-07 12:30:00', 'Đã thanh toán', 'NV01102', 'KH20260301018', 'BAN04'),
('DON1250', '2026-04-07 13:45:00', '2026-04-07 13:45:00', 'Đã thanh toán', 'NV01104', 'KH20260301019', 'BAN05'),
('DON1251', '2026-04-08 11:45:00', '2026-04-08 12:15:00', 'Đã thanh toán', 'NV01103', 'KH20260301020', 'BAN01'),
('DON1252', '2026-04-08 12:45:00', '2026-04-08 13:30:00', 'Đã thanh toán', 'NV01105', 'KH20260301021', 'BAN02'),
('DON1253', '2026-04-08 18:00:00', '2026-04-08 18:45:00', 'Đã thanh toán', 'NV01102', 'KH20260301022', 'BAN03'),
('DON1254', '2026-04-08 19:30:00', '2026-04-08 20:15:00', 'Đã thanh toán', 'NV01104', 'KH20260301023', 'BAN04'),
('DON1255', '2026-04-09 11:30:00', '2026-04-09 12:00:00', 'Đã thanh toán', 'NV01102', 'KH20260301024', 'BAN05'),
('DON1256', '2026-04-09 12:45:00', '2026-04-09 13:15:00', 'Đã thanh toán', 'NV01104', 'KH20260301025', 'BAN01'),
('DON1257', '2026-04-09 18:00:00', '2026-04-09 18:30:00', 'Đã thanh toán', 'NV01103', 'KH20260301026', 'BAN02'),
('DON1258', '2026-04-09 19:30:00', '2026-04-09 20:00:00', 'Đã thanh toán', 'NV01105', 'KH20260301027', 'BAN03'),
('DON1259', '2026-04-10 12:00:00', '2026-04-10 12:30:00', 'Đã thanh toán', 'NV01103', 'KH20260301028', 'BAN04'),
('DON1260', '2026-04-10 13:15:00', '2026-04-10 13:45:00', 'Đã thanh toán', 'NV01105', 'KH20260301029', 'BAN05'),
('DON1261', '2026-04-10 18:30:00', '2026-04-10 19:00:00', 'Đã thanh toán', 'NV01102', 'KH20260301030', 'BAN01'),
('DON1262', '2026-04-10 20:00:00', '2026-04-10 20:30:00', 'Đã thanh toán', 'NV01104', 'KH20260301002', 'BAN02'),
('DON1263', '2026-04-11 11:45:00', '2026-04-11 12:15:00', 'Đã thanh toán', 'NV01102', 'KH20260301003', 'BAN03'),
('DON1264', '2026-04-11 13:00:00', '2026-04-11 13:30:00', 'Đã thanh toán', 'NV01103', 'KH20260301004', 'BAN04'),
('DON1265', '2026-04-11 18:15:00', '2026-04-11 18:45:00', 'Đã thanh toán', 'NV01104', 'KH20260301005', 'BAN05'),
('DON1266', '2026-04-11 19:45:00', '2026-04-11 20:15:00', 'Đã thanh toán', 'NV01105', 'KH20260301006', 'BAN01'),
('DON1267', '2026-04-12 11:30:00', '2026-04-12 12:00:00', 'Đã thanh toán', 'NV01102', 'KH20260301007', 'BAN02'),
('DON1268', '2026-04-12 12:45:00', '2026-04-12 13:15:00', 'Đã thanh toán', 'NV01104', 'KH20260301008', 'BAN03'),
('DON1269', '2026-04-12 18:00:00', '2026-04-12 18:30:00', 'Đã thanh toán', 'NV01103', 'KH20260301009', 'BAN04'),
('DON1270', '2026-04-12 19:30:00', '2026-04-12 20:00:00', 'Đã thanh toán', 'NV01105', 'KH20260301010', 'BAN05'),
('DON1271', '2026-04-13 12:00:00', '2026-04-13 12:30:00', 'Đã thanh toán', 'NV01103', 'KH20260301011', 'BAN01'),
('DON1272', '2026-04-13 13:15:00', '2026-04-13 13:45:00', 'Đã thanh toán', 'NV01105', 'KH20260301012', 'BAN02'),
('DON1273', '2026-04-13 18:30:00', '2026-04-13 19:00:00', 'Đã thanh toán', 'NV01102', 'KH20260301013', 'BAN03'),
('DON1274', '2026-04-13 20:00:00', '2026-04-13 20:30:00', 'Đã thanh toán', 'NV01104', 'KH20260301014', 'BAN04'),
('DON1275', '2026-04-14 11:45:00', '2026-04-14 12:15:00', 'Đã thanh toán', 'NV02101', 'KH20260301001', 'BAN05'),
('DON1276', '2026-04-14 12:00:00', '2026-04-14 12:00:00', 'Đã thanh toán', 'NV01103', 'KH20260301011', 'BAN01'),
('DON1277', '2026-04-14 13:15:00', '2026-04-14 13:15:00', 'Đã thanh toán', 'NV01105', 'KH20260301015', 'BAN02'),
('DON1278', '2026-04-14 18:30:00', '2026-04-14 18:30:00', 'Đã thanh toán', 'NV01102', 'KH20260301016', 'BAN03'),
('DON1279', '2026-04-14 20:00:00', '2026-04-14 20:00:00', 'Đã thanh toán', 'NV01104', 'KH20260301018', 'BAN04'),
('DON1280', '2026-04-15 12:30:00', '2026-04-15 12:30:00', 'Đã thanh toán', 'NV01102', 'KH20260301019', 'BAN05'),
('DON1281', '2026-04-15 13:45:00', '2026-04-15 13:45:00', 'Đã thanh toán', 'NV01103', 'KH20260301012', 'BAN01'),
('DON1282', '2026-04-15 19:00:00', '2026-04-15 19:00:00', 'Đã thanh toán', 'NV01104', 'KH20260301015', 'BAN02'),
('DON1283', '2026-04-15 20:30:00', '2026-04-15 20:30:00', 'Đã thanh toán', 'NV01105', 'KH20260301016', 'BAN03'),
('DON1284', '2026-04-16 12:15:00', '2026-04-16 12:15:00', 'Đã thanh toán', 'NV01102', 'KH20260301018', 'BAN04'),
('DON1285', '2026-04-16 13:30:00', '2026-04-16 13:30:00', 'Đã thanh toán', 'NV01104', 'KH20260301019', 'BAN05'),
('DON1286', '2026-04-16 18:45:00', '2026-04-16 18:45:00', 'Đã thanh toán', 'NV01103', 'KH20260301013', 'BAN01'),
('DON1287', '2026-04-16 20:15:00', '2026-04-16 20:15:00', 'Đã thanh toán', 'NV02101', 'KH20260301015', 'BAN02');

INSERT INTO ChiTietHoaDon (maDon, maMonAn, soLuong, donGia) VALUES
('DON1101', 'MA108', 2, 60000.00),
('DON1101', 'MA115', 1, 25000.00),
('DON1102', 'MA110', 1, 65000.00),
('DON1102', 'MA116', 2, 35000.00),
('DON1103', 'MA111', 1, 120000.00),
('DON1103', 'MA103', 2, 10000.00),
('DON1104', 'MA113', 1, 250000.00),
('DON1104', 'MA117', 1, 30000.00),
('DON1105', 'MA101', 1, 50000.00),
('DON1105', 'MA115', 2, 25000.00),
('DON1106', 'MA108', 2, 60000.00),
('DON1106', 'MA116', 1, 35000.00),
('DON1107', 'MA110', 1, 65000.00),
('DON1107', 'MA104', 2, 3000.00),
('DON1108', 'MA111', 1, 120000.00),
('DON1108', 'MA115', 1, 25000.00),
('DON1109', 'MA113', 1, 250000.00),
('DON1109', 'MA117', 1, 30000.00),
('DON1110', 'MA119', 1, 55000.00),
('DON1110', 'MA103', 2, 10000.00),
('DON1111', 'MA108', 1, 60000.00),
('DON1111', 'MA115', 2, 25000.00),
('DON1112', 'MA111', 1, 120000.00),
('DON1112', 'MA116', 1, 35000.00),
('DON1113', 'MA101', 1, 50000.00),
('DON1113', 'MA104', 2, 3000.00),
('DON1114', 'MA110', 1, 65000.00),
('DON1114', 'MA115', 2, 25000.00),
('DON1115', 'MA113', 1, 250000.00),
('DON1115', 'MA117', 1, 30000.00),
('DON1116', 'MA108', 2, 60000.00),
('DON1116', 'MA103', 2, 10000.00),
('DON1117', 'MA110', 1, 65000.00),
('DON1117', 'MA116', 1, 35000.00),
('DON1118', 'MA111', 1, 120000.00),
('DON1118', 'MA115', 2, 25000.00),
('DON1119', 'MA113', 1, 250000.00),
('DON1119', 'MA104', 2, 3000.00),
('DON1120', 'MA105', 1, 350000.00),
('DON1120', 'MA115', 1, 25000.00),
('DON1121', 'MA108', 2, 60000.00),
('DON1121', 'MA117', 1, 30000.00),
('DON1122', 'MA110', 1, 65000.00),
('DON1122', 'MA116', 2, 35000.00),
('DON1123', 'MA111', 1, 120000.00),
('DON1123', 'MA103', 2, 10000.00),
('DON1124', 'MA113', 1, 250000.00),
('DON1124', 'MA115', 1, 25000.00),
('DON1125', 'MA101', 1, 50000.00),
('DON1125', 'MA104', 2, 3000.00),
('DON1126', 'MA108', 1, 60000.00),
('DON1126', 'MA115', 2, 25000.00),
('DON1127', 'MA110', 2, 65000.00),
('DON1127', 'MA116', 1, 35000.00),
('DON1128', 'MA111', 1, 120000.00),
('DON1128', 'MA117', 1, 30000.00),
('DON1129', 'MA119', 1, 55000.00),
('DON1129', 'MA103', 2, 10000.00),
('DON1130', 'MA113', 1, 250000.00),
('DON1130', 'MA115', 1, 25000.00),
('DON1131', 'MA108', 2, 60000.00),
('DON1131', 'MA104', 2, 3000.00),
('DON1132', 'MA110', 1, 65000.00),
('DON1132', 'MA116', 1, 35000.00),
('DON1133', 'MA111', 1, 120000.00),
('DON1133', 'MA115', 2, 25000.00),
('DON1134', 'MA113', 1, 250000.00),
('DON1134', 'MA117', 1, 30000.00),
('DON1135', 'MA105', 1, 350000.00),
('DON1135', 'MA103', 1, 10000.00),
('DON1136', 'MA108', 1, 60000.00),
('DON1136', 'MA115', 2, 25000.00),
('DON1137', 'MA110', 2, 65000.00),
('DON1137', 'MA116', 1, 35000.00),
('DON1138', 'MA111', 1, 120000.00),
('DON1138', 'MA104', 2, 3000.00),
('DON1139', 'MA113', 1, 250000.00),
('DON1139', 'MA115', 1, 25000.00),
('DON1140', 'MA118', 1, 380000.00),
('DON1140', 'MA112', 2, 35000.00),
('DON1141', 'MA101', 1, 50000.00),
('DON1141', 'MA115', 1, 25000.00),
('DON1142', 'MA108', 2, 60000.00),
('DON1142', 'MA103', 2, 10000.00),
('DON1143', 'MA110', 1, 65000.00),
('DON1143', 'MA117', 1, 30000.00),
('DON1144', 'MA111', 1, 120000.00),
('DON1144', 'MA116', 1, 35000.00),
('DON1145', 'MA113', 1, 250000.00),
('DON1145', 'MA115', 2, 25000.00),
('DON1146', 'MA108', 1, 60000.00),
('DON1146', 'MA104', 2, 3000.00),
('DON1147', 'MA110', 2, 65000.00),
('DON1147', 'MA115', 1, 25000.00),
('DON1148', 'MA111', 1, 120000.00),
('DON1148', 'MA117', 1, 30000.00),
('DON1149', 'MA119', 1, 55000.00),
('DON1149', 'MA103', 2, 10000.00),
('DON1150', 'MA113', 1, 250000.00),
('DON1150', 'MA115', 1, 25000.00),
('DON1151', 'MA110', 1, 65000.00),
('DON1151', 'MA115', 2, 25000.00),
('DON1152', 'MA111', 1, 120000.00),
('DON1152', 'MA103', 2, 10000.00),
('DON1153', 'MA113', 1, 250000.00),
('DON1153', 'MA116', 2, 35000.00),
('DON1154', 'MA105', 1, 350000.00),
('DON1154', 'MA104', 1, 3000.00),
('DON1155', 'MA108', 2, 60000.00),
('DON1155', 'MA115', 1, 25000.00),
('DON1156', 'MA119', 1, 55000.00),
('DON1156', 'MA103', 2, 10000.00),
('DON1157', 'MA111', 1, 120000.00),
('DON1157', 'MA117', 1, 30000.00),
('DON1158', 'MA113', 1, 250000.00),
('DON1158', 'MA104', 2, 3000.00),
('DON1159', 'MA101', 1, 50000.00),
('DON1159', 'MA104', 1, 3000.00),
('DON1160', 'MA108', 1, 60000.00),
('DON1160', 'MA115', 2, 25000.00),
('DON1161', 'MA110', 2, 65000.00),
('DON1161', 'MA103', 1, 10000.00),
('DON1162', 'MA111', 1, 120000.00),
('DON1162', 'MA116', 1, 35000.00),
('DON1163', 'MA113', 1, 250000.00),
('DON1163', 'MA115', 1, 25000.00),
('DON1164', 'MA118', 1, 380000.00),
('DON1164', 'MA112', 2, 35000.00),
('DON1165', 'MA108', 2, 60000.00),
('DON1165', 'MA104', 2, 3000.00),
('DON1166', 'MA119', 1, 55000.00),
('DON1166', 'MA115', 1, 25000.00),
('DON1167', 'MA111', 1, 120000.00),
('DON1167', 'MA103', 2, 10000.00),
('DON1168', 'MA113', 1, 250000.00),
('DON1168', 'MA117', 1, 30000.00),
('DON1169', 'MA101', 1, 50000.00),
('DON1169', 'MA104', 2, 3000.00),
('DON1170', 'MA110', 1, 65000.00),
('DON1170', 'MA115', 1, 25000.00),
('DON1171', 'MA108', 2, 60000.00),
('DON1171', 'MA116', 1, 35000.00),
('DON1172', 'MA111', 1, 120000.00),
('DON1172', 'MA104', 2, 3000.00),
('DON1173', 'MA113', 1, 250000.00),
('DON1173', 'MA115', 2, 25000.00),
('DON1174', 'MA101', 1, 50000.00),
('DON1174', 'MA103', 1, 10000.00),
('DON1175', 'MA108', 1, 60000.00),
('DON1175', 'MA115', 2, 25000.00),
('DON1176', 'MA111', 1, 120000.00),
('DON1176', 'MA117', 1, 30000.00),
('DON1177', 'MA108', 2, 60000.00),
('DON1177', 'MA115', 2, 25000.00),
('DON1178', 'MA119', 1, 55000.00),
('DON1178', 'MA103', 2, 10000.00),
('DON1179', 'MA110', 1, 65000.00),
('DON1179', 'MA116', 1, 35000.00),
('DON1180', 'MA113', 1, 250000.00),
('DON1180', 'MA115', 1, 25000.00),
('DON1181', 'MA108', 1, 60000.00),
('DON1181', 'MA104', 2, 3000.00),
('DON1182', 'MA111', 2, 120000.00),
('DON1182', 'MA115', 1, 25000.00),
('DON1183', 'MA113', 1, 250000.00),
('DON1183', 'MA117', 1, 30000.00),
('DON1184', 'MA118', 1, 380000.00),
('DON1184', 'MA112', 2, 35000.00),
('DON1185', 'MA101', 1, 50000.00),
('DON1185', 'MA115', 1, 25000.00),
('DON1186', 'MA108', 2, 60000.00),
('DON1186', 'MA104', 1, 3000.00),
('DON1187', 'MA110', 1, 65000.00),
('DON1187', 'MA116', 2, 35000.00),
('DON1188', 'MA111', 1, 120000.00),
('DON1188', 'MA115', 2, 25000.00),
('DON1189', 'MA113', 1, 250000.00),
('DON1189', 'MA117', 1, 30000.00),
('DON1190', 'MA119', 1, 55000.00),
('DON1190', 'MA103', 1, 10000.00),
('DON1191', 'MA108', 1, 60000.00),
('DON1191', 'MA115', 2, 25000.00),
('DON1192', 'MA110', 2, 65000.00),
('DON1192', 'MA116', 1, 35000.00),
('DON1193', 'MA111', 1, 120000.00),
('DON1193', 'MA104', 2, 3000.00),
('DON1194', 'MA113', 1, 250000.00),
('DON1194', 'MA115', 1, 25000.00),
('DON1195', 'MA105', 1, 350000.00),
('DON1195', 'MA112', 1, 35000.00),
('DON1196', 'MA108', 2, 60000.00),
('DON1196', 'MA115', 1, 25000.00),
('DON1197', 'MA119', 1, 55000.00),
('DON1197', 'MA103', 2, 10000.00),
('DON1198', 'MA110', 1, 65000.00),
('DON1198', 'MA117', 1, 30000.00),
('DON1199', 'MA111', 1, 120000.00),
('DON1199', 'MA116', 2, 35000.00),
('DON1200', 'MA113', 1, 250000.00),
('DON1200', 'MA104', 2, 3000.00),
('DON1201', 'MA108', 1, 60000.00),
('DON1201', 'MA115', 2, 25000.00),
('DON1202', 'MA110', 1, 65000.00),
('DON1202', 'MA116', 1, 35000.00),
('DON1203', 'MA111', 1, 120000.00),
('DON1203', 'MA103', 2, 10000.00),
('DON1204', 'MA113', 1, 250000.00),
('DON1204', 'MA117', 1, 30000.00),
('DON1205', 'MA105', 1, 350000.00),
('DON1205', 'MA115', 1, 25000.00),
('DON1206', 'MA118', 1, 380000.00),
('DON1206', 'MA112', 2, 35000.00),
('DON1207', 'MA108', 2, 60000.00),
('DON1207', 'MA104', 2, 3000.00),
('DON1208', 'MA119', 1, 55000.00),
('DON1208', 'MA115', 2, 25000.00),
('DON1209', 'MA111', 1, 120000.00),
('DON1209', 'MA116', 1, 35000.00),
('DON1210', 'MA113', 1, 250000.00),
('DON1210', 'MA115', 1, 25000.00),
('DON1211', 'MA101', 1, 50000.00),
('DON1211', 'MA104', 2, 3000.00),
('DON1212', 'MA110', 1, 65000.00),
('DON1212', 'MA115', 2, 25000.00),
('DON1213', 'MA108', 2, 60000.00),
('DON1213', 'MA117', 1, 30000.00),
('DON1214', 'MA111', 1, 120000.00),
('DON1214', 'MA103', 2, 10000.00),
('DON1215', 'MA113', 1, 250000.00),
('DON1215', 'MA116', 1, 35000.00),
('DON1216', 'MA101', 1, 50000.00),
('DON1216', 'MA115', 1, 25000.00),
('DON1217', 'MA108', 1, 60000.00),
('DON1217', 'MA104', 2, 3000.00),
('DON1218', 'MA110', 2, 65000.00),
('DON1218', 'MA115', 1, 25000.00),
('DON1219', 'MA111', 1, 120000.00),
('DON1219', 'MA117', 1, 30000.00),
('DON1220', 'MA113', 1, 250000.00),
('DON1220', 'MA115', 2, 25000.00),
('DON1221', 'MA101', 1, 50000.00),
('DON1221', 'MA103', 1, 10000.00),
('DON1222', 'MA119', 1, 55000.00),
('DON1222', 'MA115', 2, 25000.00),
('DON1223', 'MA108', 2, 60000.00),
('DON1223', 'MA116', 1, 35000.00),
('DON1224', 'MA111', 1, 120000.00),
('DON1224', 'MA104', 2, 3000.00),
('DON1225', 'MA113', 1, 250000.00),
('DON1225', 'MA117', 1, 30000.00),
('DON1226', 'MA110', 1, 65000.00),
('DON1226', 'MA115', 1, 25000.00),
('DON1227', 'MA108', 2, 60000.00),
('DON1227', 'MA116', 1, 35000.00),
('DON1228', 'MA111', 1, 120000.00),
('DON1228', 'MA103', 2, 10000.00),
('DON1229', 'MA113', 1, 250000.00),
('DON1229', 'MA117', 1, 30000.00),
('DON1230', 'MA105', 1, 350000.00),
('DON1230', 'MA115', 2, 25000.00),
('DON1231', 'MA101', 1, 50000.00),
('DON1231', 'MA104', 2, 3000.00),
('DON1232', 'MA119', 1, 55000.00),
('DON1232', 'MA115', 2, 25000.00),
('DON1233', 'MA108', 2, 60000.00),
('DON1233', 'MA116', 1, 35000.00),
('DON1234', 'MA111', 1, 120000.00),
('DON1234', 'MA104', 2, 3000.00),
('DON1235', 'MA113', 1, 250000.00),
('DON1235', 'MA115', 1, 25000.00),
('DON1236', 'MA110', 1, 65000.00),
('DON1236', 'MA117', 1, 30000.00),
('DON1237', 'MA108', 1, 60000.00),
('DON1237', 'MA103', 2, 10000.00),
('DON1238', 'MA119', 2, 55000.00),
('DON1238', 'MA115', 1, 25000.00),
('DON1239', 'MA111', 1, 120000.00),
('DON1239', 'MA116', 1, 35000.00),
('DON1240', 'MA113', 1, 250000.00),
('DON1240', 'MA117', 1, 30000.00),
('DON1241', 'MA101', 1, 50000.00),
('DON1241', 'MA115', 1, 25000.00),
('DON1242', 'MA108', 2, 60000.00),
('DON1242', 'MA104', 2, 3000.00),
('DON1243', 'MA110', 1, 65000.00),
('DON1243', 'MA116', 2, 35000.00),
('DON1244', 'MA111', 1, 120000.00),
('DON1244', 'MA115', 1, 25000.00),
('DON1245', 'MA113', 1, 250000.00),
('DON1245', 'MA103', 2, 10000.00),
('DON1246', 'MA108', 1, 60000.00),
('DON1246', 'MA117', 1, 30000.00),
('DON1247', 'MA119', 1, 55000.00),
('DON1247', 'MA115', 2, 25000.00),
('DON1248', 'MA111', 1, 120000.00),
('DON1248', 'MA116', 1, 35000.00),
('DON1249', 'MA113', 1, 250000.00),
('DON1249', 'MA115', 1, 25000.00),
('DON1250', 'MA118', 1, 380000.00),
('DON1250', 'MA112', 2, 35000.00),
('DON1251', 'MA105', 1, 350000.00),
('DON1251', 'MA108', 1, 60000.00),
('DON1252', 'MA110', 1, 65000.00),
('DON1252', 'MA115', 2, 25000.00),
('DON1253', 'MA111', 1, 120000.00),
('DON1253', 'MA116', 1, 35000.00),
('DON1254', 'MA113', 1, 250000.00),
('DON1254', 'MA115', 1, 25000.00),
('DON1255', 'MA118', 1, 380000.00),
('DON1255', 'MA117', 1, 30000.00),
('DON1256', 'MA101', 1, 50000.00),
('DON1256', 'MA104', 2, 3000.00),
('DON1257', 'MA108', 2, 60000.00),
('DON1257', 'MA115', 1, 25000.00),
('DON1258', 'MA119', 1, 55000.00),
('DON1258', 'MA103', 2, 10000.00),
('DON1259', 'MA111', 1, 120000.00),
('DON1259', 'MA116', 1, 35000.00),
('DON1260', 'MA113', 1, 250000.00),
('DON1260', 'MA115', 2, 25000.00),
('DON1261', 'MA101', 1, 50000.00),
('DON1261', 'MA115', 1, 25000.00),
('DON1262', 'MA108', 2, 60000.00),
('DON1262', 'MA104', 2, 3000.00),
('DON1263', 'MA110', 1, 65000.00),
('DON1263', 'MA117', 1, 30000.00),
('DON1264', 'MA111', 1, 120000.00),
('DON1264', 'MA115', 2, 25000.00),
('DON1265', 'MA113', 1, 250000.00),
('DON1265', 'MA116', 1, 35000.00),
('DON1266', 'MA108', 1, 60000.00),
('DON1266', 'MA103', 1, 10000.00),
('DON1267', 'MA119', 1, 55000.00),
('DON1267', 'MA115', 2, 25000.00),
('DON1268', 'MA111', 1, 120000.00),
('DON1268', 'MA117', 1, 30000.00),
('DON1269', 'MA113', 1, 250000.00),
('DON1269', 'MA104', 2, 3000.00),
('DON1270', 'MA105', 1, 350000.00),
('DON1270', 'MA115', 1, 25000.00),
('DON1271', 'MA110', 1, 65000.00),
('DON1271', 'MA116', 1, 35000.00),
('DON1272', 'MA108', 2, 60000.00),
('DON1272', 'MA115', 1, 25000.00),
('DON1273', 'MA111', 1, 120000.00),
('DON1273', 'MA103', 2, 10000.00),
('DON1274', 'MA113', 1, 250000.00),
('DON1274', 'MA117', 1, 30000.00),
('DON1275', 'MA118', 1, 380000.00),
('DON1275', 'MA112', 2, 35000.00),
('DON1276', 'MA101', 1, 50000.00),
('DON1276', 'MA115', 1, 25000.00),
('DON1277', 'MA110', 1, 65000.00),
('DON1277', 'MA116', 2, 35000.00),
('DON1278', 'MA111', 1, 120000.00),
('DON1278', 'MA103', 2, 10000.00),
('DON1279', 'MA113', 1, 250000.00),
('DON1279', 'MA117', 1, 30000.00),
('DON1280', 'MA108', 2, 60000.00),
('DON1280', 'MA115', 1, 25000.00),
('DON1281', 'MA119', 1, 55000.00),
('DON1281', 'MA104', 2, 3000.00),
('DON1282', 'MA111', 1, 120000.00),
('DON1282', 'MA116', 1, 35000.00),
('DON1283', 'MA113', 1, 250000.00),
('DON1283', 'MA115', 2, 25000.00),
('DON1284', 'MA105', 1, 350000.00),
('DON1284', 'MA115', 1, 25000.00),
('DON1285', 'MA118', 1, 380000.00),
('DON1285', 'MA112', 2, 35000.00),
('DON1286', 'MA108', 1, 60000.00),
('DON1286', 'MA104', 2, 3000.00),
('DON1287', 'MA110', 1, 65000.00),
('DON1287', 'MA115', 2, 25000.00);

INSERT INTO HoaDon (maHD, ngayLap, tongTien, tongThanhToan, trangThai, hinhThucThanhToan, tienKhachDua, giamGia, maNV, maKH, maKM, maDon, tenBan) VALUES
('HD2603011101', '2026-03-01 12:30:00', 145000.00, 145000.00, 'Đã thanh toán', 'Tiền mặt', 150000.00, 0.00, 'NV01102', NULL, NULL, 'DON1101', NULL),
('HD2603011102', '2026-03-01 14:00:00', 135000.00, 135000.00, 'Đã thanh toán', 'Chuyển khoản', 135000.00, 0.00, 'NV01103', NULL, NULL, 'DON1102', NULL),
('HD2603011103', '2026-03-01 19:30:00', 140000.00, 140000.00, 'Đã thanh toán', 'Tiền mặt', 140000.00, 0.00, 'NV01104', NULL, NULL, 'DON1103', NULL),
('HD2603011104', '2026-03-01 20:30:00', 280000.00, 280000.00, 'Đã thanh toán', 'Chuyển khoản', 280000.00, 0.00, 'NV01104', NULL, NULL, 'DON1104', NULL),
('HD2603021105', '2026-03-02 12:45:00', 100000.00, 100000.00, 'Đã thanh toán', 'Tiền mặt', 100000.00, 0.00, 'NV01102', NULL, NULL, 'DON1105', NULL),
('HD2603021106', '2026-03-02 13:30:00', 155000.00, 155000.00, 'Đã thanh toán', 'Chuyển khoản', 155000.00, 0.00, 'NV01104', NULL, NULL, 'DON1106', NULL),
('HD2603021107', '2026-03-02 19:00:00', 71000.00, 71000.00, 'Đã thanh toán', 'Tiền mặt', 80000.00, 0.00, 'NV01103', NULL, NULL, 'DON1107', NULL),
('HD2603021108', '2026-03-02 21:00:00', 145000.00, 145000.00, 'Đã thanh toán', 'Chuyển khoản', 145000.00, 0.00, 'NV01103', NULL, NULL, 'DON1108', NULL),
('HD2603031109', '2026-03-03 13:00:00', 280000.00, 280000.00, 'Đã thanh toán', 'Tiền mặt', 280000.00, 0.00, 'NV01103', NULL, NULL, 'DON1109', NULL),
('HD2603031110', '2026-03-03 14:15:00', 75000.00, 75000.00, 'Đã thanh toán', 'Chuyển khoản', 75000.00, 0.00, 'NV01105', NULL, NULL, 'DON1110', NULL),
('HD2603031111', '2026-03-03 19:45:00', 110000.00, 110000.00, 'Đã thanh toán', 'Tiền mặt', 110000.00, 0.00, 'NV01102', NULL, NULL, 'DON1111', NULL),
('HD2603031112', '2026-03-03 21:15:00', 155000.00, 155000.00, 'Đã thanh toán', 'Chuyển khoản', 155000.00, 0.00, 'NV01104', NULL, NULL, 'DON1112', NULL),
('HD2603041113', '2026-03-04 12:30:00', 56000.00, 56000.00, 'Đã thanh toán', 'Tiền mặt', 60000.00, 0.00, 'NV01102', NULL, NULL, 'DON1113', NULL),
('HD2603041114', '2026-03-04 14:00:00', 115000.00, 115000.00, 'Đã thanh toán', 'Chuyển khoản', 115000.00, 0.00, 'NV01103', NULL, NULL, 'DON1114', NULL),
('HD2603041115', '2026-03-04 19:15:00', 280000.00, 280000.00, 'Đã thanh toán', 'Tiền mặt', 280000.00, 0.00, 'NV01104', NULL, NULL, 'DON1115', NULL),
('HD2603041116', '2026-03-04 20:45:00', 140000.00, 140000.00, 'Đã thanh toán', 'Chuyển khoản', 140000.00, 0.00, 'NV01105', NULL, NULL, 'DON1116', NULL),
('HD2603051117', '2026-03-05 13:00:00', 100000.00, 100000.00, 'Đã thanh toán', 'Tiền mặt', 100000.00, 0.00, 'NV01102', NULL, NULL, 'DON1117', NULL),
('HD2603051118', '2026-03-05 14:30:00', 170000.00, 170000.00, 'Đã thanh toán', 'Chuyển khoản', 170000.00, 0.00, 'NV01104', NULL, NULL, 'DON1118', NULL),
('HD2603051119', '2026-03-05 19:30:00', 256000.00, 256000.00, 'Đã thanh toán', 'Tiền mặt', 260000.00, 0.00, 'NV01103', NULL, NULL, 'DON1119', NULL),
('HD2603051120', '2026-03-05 21:00:00', 375000.00, 375000.00, 'Đã thanh toán', 'Chuyển khoản', 375000.00, 0.00, 'NV02101', NULL, NULL, 'DON1120', NULL),
('HD2603061121', '2026-03-06 12:45:00', 150000.00, 150000.00, 'Đã thanh toán', 'Tiền mặt', 150000.00, 0.00, 'NV01103', NULL, NULL, 'DON1121', NULL),
('HD2603061122', '2026-03-06 13:45:00', 135000.00, 135000.00, 'Đã thanh toán', 'Chuyển khoản', 135000.00, 0.00, 'NV01105', NULL, NULL, 'DON1122', NULL),
('HD2603061123', '2026-03-06 19:00:00', 140000.00, 140000.00, 'Đã thanh toán', 'Tiền mặt', 140000.00, 0.00, 'NV01102', NULL, NULL, 'DON1123', NULL),
('HD2603061124', '2026-03-06 20:30:00', 275000.00, 275000.00, 'Đã thanh toán', 'Chuyển khoản', 275000.00, 0.00, 'NV01104', NULL, NULL, 'DON1124', NULL),
('HD2603071125', '2026-03-07 12:30:00', 56000.00, 56000.00, 'Đã thanh toán', 'Tiền mặt', 60000.00, 0.00, 'NV01102', NULL, NULL, 'DON1125', NULL),
('HD2603071126', '2026-03-07 13:30:00', 110000.00, 110000.00, 'Đã thanh toán', 'Chuyển khoản', 110000.00, 0.00, 'NV01103', NULL, NULL, 'DON1126', NULL),
('HD2603071127', '2026-03-07 19:00:00', 165000.00, 165000.00, 'Đã thanh toán', 'Tiền mặt', 165000.00, 0.00, 'NV01104', NULL, NULL, 'DON1127', NULL),
('HD2603071128', '2026-03-07 20:45:00', 150000.00, 150000.00, 'Đã thanh toán', 'Chuyển khoản', 150000.00, 0.00, 'NV01105', NULL, NULL, 'DON1128', NULL),
('HD2603081129', '2026-03-08 13:00:00', 75000.00, 75000.00, 'Đã thanh toán', 'Tiền mặt', 80000.00, 0.00, 'NV01102', NULL, NULL, 'DON1129', NULL),
('HD2603081130', '2026-03-08 14:15:00', 275000.00, 275000.00, 'Đã thanh toán', 'Chuyển khoản', 275000.00, 0.00, 'NV01104', NULL, NULL, 'DON1130', NULL),
('HD2603081131', '2026-03-08 19:30:00', 126000.00, 126000.00, 'Đã thanh toán', 'Tiền mặt', 130000.00, 0.00, 'NV01103', NULL, NULL, 'DON1131', NULL),
('HD2603081132', '2026-03-08 21:00:00', 100000.00, 100000.00, 'Đã thanh toán', 'Chuyển khoản', 100000.00, 0.00, 'NV01105', NULL, NULL, 'DON1132', NULL),
('HD2603091133', '2026-03-09 12:45:00', 170000.00, 170000.00, 'Đã thanh toán', 'Tiền mặt', 170000.00, 0.00, 'NV01103', NULL, NULL, 'DON1133', NULL),
('HD2603091134', '2026-03-09 13:45:00', 280000.00, 280000.00, 'Đã thanh toán', 'Chuyển khoản', 280000.00, 0.00, 'NV01105', NULL, NULL, 'DON1134', NULL),
('HD2603091135', '2026-03-09 19:00:00', 360000.00, 360000.00, 'Đã thanh toán', 'Tiền mặt', 360000.00, 0.00, 'NV01102', NULL, NULL, 'DON1135', NULL),
('HD2603091136', '2026-03-09 20:30:00', 110000.00, 110000.00, 'Đã thanh toán', 'Chuyển khoản', 110000.00, 0.00, 'NV01104', NULL, NULL, 'DON1136', NULL),
('HD2603101137', '2026-03-10 13:00:00', 165000.00, 165000.00, 'Đã thanh toán', 'Tiền mặt', 165000.00, 0.00, 'NV01102', NULL, NULL, 'DON1137', NULL),
('HD2603101138', '2026-03-10 14:00:00', 126000.00, 126000.00, 'Đã thanh toán', 'Chuyển khoản', 126000.00, 0.00, 'NV01103', NULL, NULL, 'DON1138', NULL),
('HD2603101139', '2026-03-10 19:30:00', 275000.00, 275000.00, 'Đã thanh toán', 'Tiền mặt', 280000.00, 0.00, 'NV01104', NULL, NULL, 'DON1139', NULL),
('HD2603101140', '2026-03-10 21:00:00', 450000.00, 450000.00, 'Đã thanh toán', 'Chuyển khoản', 450000.00, 0.00, 'NV01105', NULL, NULL, 'DON1140', NULL),
('HD2603111141', '2026-03-11 12:30:00', 75000.00, 75000.00, 'Đã thanh toán', 'Tiền mặt', 80000.00, 0.00, 'NV01102', NULL, NULL, 'DON1141', NULL),
('HD2603111142', '2026-03-11 13:30:00', 140000.00, 140000.00, 'Đã thanh toán', 'Chuyển khoản', 140000.00, 0.00, 'NV01104', NULL, NULL, 'DON1142', NULL),
('HD2603111143', '2026-03-11 19:00:00', 95000.00, 95000.00, 'Đã thanh toán', 'Tiền mặt', 100000.00, 0.00, 'NV01103', NULL, NULL, 'DON1143', NULL),
('HD2603111144', '2026-03-11 20:45:00', 155000.00, 155000.00, 'Đã thanh toán', 'Chuyển khoản', 155000.00, 0.00, 'NV02101', NULL, NULL, 'DON1144', NULL),
('HD2603121145', '2026-03-12 13:00:00', 300000.00, 300000.00, 'Đã thanh toán', 'Tiền mặt', 300000.00, 0.00, 'NV01103', NULL, NULL, 'DON1145', NULL),
('HD2603121146', '2026-03-12 14:00:00', 66000.00, 66000.00, 'Đã thanh toán', 'Chuyển khoản', 66000.00, 0.00, 'NV01105', NULL, NULL, 'DON1146', NULL),
('HD2603121147', '2026-03-12 19:30:00', 155000.00, 155000.00, 'Đã thanh toán', 'Tiền mặt', 160000.00, 0.00, 'NV01102', NULL, NULL, 'DON1147', NULL),
('HD2603121148', '2026-03-12 21:00:00', 150000.00, 150000.00, 'Đã thanh toán', 'Chuyển khoản', 150000.00, 0.00, 'NV01104', NULL, NULL, 'DON1148', NULL),
('HD2603131149', '2026-03-13 12:45:00', 75000.00, 75000.00, 'Đã thanh toán', 'Tiền mặt', 80000.00, 0.00, 'NV01102', NULL, NULL, 'DON1149', NULL),
('HD2603131150', '2026-03-13 13:45:00', 275000.00, 275000.00, 'Đã thanh toán', 'Chuyển khoản', 275000.00, 0.00, 'NV01103', NULL, NULL, 'DON1150', NULL),
('HD2603131151', '2026-03-13 19:00:00', 115000.00, 115000.00, 'Đã thanh toán', 'Tiền mặt', 120000.00, 0.00, 'NV01104', NULL, NULL, 'DON1151', NULL),
('HD2603131152', '2026-03-13 20:15:00', 140000.00, 140000.00, 'Đã thanh toán', 'Chuyển khoản', 140000.00, 0.00, 'NV01105', NULL, NULL, 'DON1152', NULL),
('HD2603141153', '2026-03-14 12:45:00', 320000.00, 320000.00, 'Đã thanh toán', 'Chuyển khoản', 320000.00, 0.00, 'NV01102', NULL, NULL, 'DON1153', NULL),
('HD2603141154', '2026-03-14 14:00:00', 353000.00, 353000.00, 'Đã thanh toán', 'Tiền mặt', 360000.00, 0.00, 'NV01104', NULL, NULL, 'DON1154', NULL),
('HD2603141155', '2026-03-14 19:15:00', 145000.00, 145000.00, 'Đã thanh toán', 'Tiền mặt', 150000.00, 0.00, 'NV01103', NULL, NULL, 'DON1155', NULL),
('HD2603141156', '2026-03-14 20:30:00', 75000.00, 75000.00, 'Đã thanh toán', 'Chuyển khoản', 75000.00, 0.00, 'NV01105', NULL, NULL, 'DON1156', NULL),
('HD2603151157', '2026-03-15 13:00:00', 150000.00, 150000.00, 'Đã thanh toán', 'Tiền mặt', 150000.00, 0.00, 'NV01103', NULL, NULL, 'DON1157', NULL),
('HD2603151158', '2026-03-15 14:15:00', 256000.00, 256000.00, 'Đã thanh toán', 'Chuyển khoản', 256000.00, 0.00, 'NV01105', NULL, NULL, 'DON1158', NULL),
('HD2603151159', '2026-03-15 19:30:00', 53000.00, 53000.00, 'Đã thanh toán', 'Tiền mặt', 60000.00, 0.00, 'NV01102', NULL, NULL, 'DON1159', NULL),
('HD2603151160', '2026-03-15 20:45:00', 110000.00, 110000.00, 'Đã thanh toán', 'Chuyển khoản', 110000.00, 0.00, 'NV01104', NULL, NULL, 'DON1160', NULL),
('HD2603161161', '2026-03-16 12:30:00', 140000.00, 140000.00, 'Đã thanh toán', 'Tiền mặt', 140000.00, 0.00, 'NV01102', NULL, NULL, 'DON1161', NULL),
('HD2603161162', '2026-03-16 13:45:00', 155000.00, 155000.00, 'Đã thanh toán', 'Chuyển khoản', 155000.00, 0.00, 'NV01103', NULL, NULL, 'DON1162', NULL),
('HD2603161163', '2026-03-16 19:00:00', 275000.00, 275000.00, 'Đã thanh toán', 'Tiền mặt', 280000.00, 0.00, 'NV01104', NULL, NULL, 'DON1163', NULL),
('HD2603161164', '2026-03-16 20:30:00', 450000.00, 450000.00, 'Đã thanh toán', 'Chuyển khoản', 450000.00, 0.00, 'NV01105', NULL, NULL, 'DON1164', NULL),
('HD2603171165', '2026-03-17 13:00:00', 126000.00, 126000.00, 'Đã thanh toán', 'Tiền mặt', 130000.00, 0.00, 'NV01102', NULL, NULL, 'DON1165', NULL),
('HD2603171166', '2026-03-17 14:00:00', 80000.00, 80000.00, 'Đã thanh toán', 'Chuyển khoản', 80000.00, 0.00, 'NV01104', NULL, NULL, 'DON1166', NULL),
('HD2603171167', '2026-03-17 19:30:00', 140000.00, 140000.00, 'Đã thanh toán', 'Tiền mặt', 140000.00, 0.00, 'NV01103', NULL, NULL, 'DON1167', NULL),
('HD2603171168', '2026-03-17 21:00:00', 280000.00, 280000.00, 'Đã thanh toán', 'Chuyển khoản', 280000.00, 0.00, 'NV02101', NULL, NULL, 'DON1168', NULL),
('HD2603181169', '2026-03-18 12:45:00', 56000.00, 56000.00, 'Đã thanh toán', 'Tiền mặt', 60000.00, 0.00, 'NV01103', NULL, NULL, 'DON1169', NULL),
('HD2603181170', '2026-03-18 13:45:00', 90000.00, 90000.00, 'Đã thanh toán', 'Chuyển khoản', 90000.00, 0.00, 'NV01105', NULL, NULL, 'DON1170', NULL),
('HD2603181171', '2026-03-18 19:00:00', 155000.00, 155000.00, 'Đã thanh toán', 'Tiền mặt', 160000.00, 0.00, 'NV01102', NULL, NULL, 'DON1171', NULL),
('HD2603181172', '2026-03-18 20:30:00', 126000.00, 126000.00, 'Đã thanh toán', 'Chuyển khoản', 126000.00, 0.00, 'NV01104', NULL, NULL, 'DON1172', NULL),
('HD2603191173', '2026-03-19 13:00:00', 300000.00, 300000.00, 'Đã thanh toán', 'Tiền mặt', 300000.00, 0.00, 'NV01102', NULL, NULL, 'DON1173', NULL),
('HD2603191174', '2026-03-19 14:15:00', 60000.00, 60000.00, 'Đã thanh toán', 'Chuyển khoản', 60000.00, 0.00, 'NV01103', NULL, NULL, 'DON1174', NULL),
('HD2603191175', '2026-03-19 19:30:00', 110000.00, 110000.00, 'Đã thanh toán', 'Tiền mặt', 110000.00, 0.00, 'NV01104', NULL, NULL, 'DON1175', NULL),
('HD2603191176', '2026-03-19 20:45:00', 95000.00, 95000.00, 'Đã thanh toán', 'Tiền mặt', 100000.00, 0.00, 'NV01105', NULL, NULL, 'DON1176', NULL),
('HD2603201177', '2026-03-20 12:30:00', 190000.00, 190000.00, 'Đã thanh toán', 'Chuyển khoản', 190000.00, 0.00, 'NV01102', NULL, NULL, 'DON1177', NULL),
('HD2603201178', '2026-03-20 13:45:00', 256000.00, 256000.00, 'Đã thanh toán', 'Tiền mặt', 260000.00, 0.00, 'NV01104', NULL, NULL, 'DON1178', NULL),
('HD2603201179', '2026-03-20 19:00:00', 75000.00, 75000.00, 'Đã thanh toán', 'Chuyển khoản', 75000.00, 0.00, 'NV01103', NULL, NULL, 'DON1179', NULL),
('HD2603201180', '2026-03-20 20:30:00', 130000.00, 130000.00, 'Đã thanh toán', 'Tiền mặt', 130000.00, 0.00, 'NV01105', NULL, NULL, 'DON1180', NULL),
('HD2603211181', '2026-03-21 13:00:00', 115000.00, 115000.00, 'Đã thanh toán', 'Chuyển khoản', 115000.00, 0.00, 'NV01103', NULL, NULL, 'DON1181', NULL),
('HD2603211182', '2026-03-21 14:15:00', 150000.00, 150000.00, 'Đã thanh toán', 'Tiền mặt', 150000.00, 0.00, 'NV01105', NULL, NULL, 'DON1182', NULL),
('HD2603211183', '2026-03-21 19:30:00', 275000.00, 275000.00, 'Đã thanh toán', 'Chuyển khoản', 275000.00, 0.00, 'NV01102', NULL, NULL, 'DON1183', NULL),
('HD2603211184', '2026-03-21 21:00:00', 440000.00, 440000.00, 'Đã thanh toán', 'Tiền mặt', 440000.00, 0.00, 'NV01104', NULL, NULL, 'DON1184', NULL),
('HD2603221185', '2026-03-22 12:45:00', 56000.00, 56000.00, 'Đã thanh toán', 'Chuyển khoản', 56000.00, 0.00, 'NV01102', NULL, NULL, 'DON1185', NULL),
('HD2603221186', '2026-03-22 14:00:00', 105000.00, 105000.00, 'Đã thanh toán', 'Tiền mặt', 110000.00, 0.00, 'NV01103', NULL, NULL, 'DON1186', NULL),
('HD2603221187', '2026-03-22 19:15:00', 140000.00, 140000.00, 'Đã thanh toán', 'Chuyển khoản', 140000.00, 0.00, 'NV01104', NULL, NULL, 'DON1187', NULL),
('HD2603221188', '2026-03-22 20:45:00', 285000.00, 285000.00, 'Đã thanh toán', 'Tiền mặt', 290000.00, 0.00, 'NV01105', NULL, NULL, 'DON1188', NULL),
('HD2603231189', '2026-03-23 12:30:00', 420000.00, 420000.00, 'Đã thanh toán', 'Chuyển khoản', 420000.00, 0.00, 'NV01102', NULL, NULL, 'DON1189', NULL),
('HD2603231190', '2026-03-23 13:45:00', 90000.00, 90000.00, 'Đã thanh toán', 'Tiền mặt', 90000.00, 0.00, 'NV01104', NULL, NULL, 'DON1190', NULL),
('HD2603231191', '2026-03-23 19:00:00', 126000.00, 126000.00, 'Đã thanh toán', 'Chuyển khoản', 126000.00, 0.00, 'NV01103', NULL, NULL, 'DON1191', NULL),
('HD2603231192', '2026-03-23 20:30:00', 150000.00, 150000.00, 'Đã thanh toán', 'Tiền mặt', 150000.00, 0.00, 'NV02101', NULL, NULL, 'DON1192', NULL),
('HD2603241193', '2026-03-24 13:00:00', 300000.00, 300000.00, 'Đã thanh toán', 'Chuyển khoản', 300000.00, 0.00, 'NV01103', NULL, NULL, 'DON1193', NULL),
('HD2603241194', '2026-03-24 14:15:00', 383000.00, 383000.00, 'Đã thanh toán', 'Tiền mặt', 390000.00, 0.00, 'NV01105', NULL, NULL, 'DON1194', NULL),
('HD2603241195', '2026-03-24 19:30:00', 110000.00, 110000.00, 'Đã thanh toán', 'Chuyển khoản', 110000.00, 0.00, 'NV01102', NULL, NULL, 'DON1195', NULL),
('HD2603241196', '2026-03-24 21:00:00', 75000.00, 75000.00, 'Đã thanh toán', 'Tiền mặt', 80000.00, 0.00, 'NV01104', NULL, NULL, 'DON1196', NULL),
('HD2603251197', '2026-03-25 12:45:00', 165000.00, 165000.00, 'Đã thanh toán', 'Chuyển khoản', 165000.00, 0.00, 'NV01102', NULL, NULL, 'DON1197', NULL),
('HD2603251198', '2026-03-25 14:00:00', 145000.00, 145000.00, 'Đã thanh toán', 'Tiền mặt', 150000.00, 0.00, 'NV01103', NULL, NULL, 'DON1198', NULL),
('HD2603251199', '2026-03-25 19:15:00', 280000.00, 280000.00, 'Đã thanh toán', 'Chuyển khoản', 280000.00, 0.00, 'NV01104', NULL, NULL, 'DON1199', NULL),
('HD2603251200', '2026-03-25 20:45:00', 56000.00, 56000.00, 'Đã thanh toán', 'Tiền mặt', 60000.00, 0.00, 'NV01105', NULL, NULL, 'DON1200', NULL),
('HD2603261201', '2026-03-26 12:30:00', 110000.00, 110000.00, 'Đã thanh toán', 'Tiền mặt', 110000.00, 0.00, 'NV01102', NULL, NULL, 'DON1201', NULL),
('HD2603261202', '2026-03-26 13:45:00', 100000.00, 100000.00, 'Đã thanh toán', 'Chuyển khoản', 100000.00, 0.00, 'NV01104', NULL, NULL, 'DON1202', NULL),
('HD2603261203', '2026-03-26 19:00:00', 140000.00, 140000.00, 'Đã thanh toán', 'Tiền mặt', 140000.00, 0.00, 'NV01103', NULL, NULL, 'DON1203', NULL),
('HD2603261204', '2026-03-26 20:30:00', 280000.00, 280000.00, 'Đã thanh toán', 'Chuyển khoản', 280000.00, 0.00, 'NV01105', NULL, NULL, 'DON1204', NULL),
('HD2603271205', '2026-03-27 13:00:00', 375000.00, 375000.00, 'Đã thanh toán', 'Tiền mặt', 380000.00, 0.00, 'NV01103', NULL, NULL, 'DON1205', NULL),
('HD2603271206', '2026-03-27 14:15:00', 450000.00, 450000.00, 'Đã thanh toán', 'Chuyển khoản', 450000.00, 0.00, 'NV01105', NULL, NULL, 'DON1206', NULL),
('HD2603271207', '2026-03-27 19:30:00', 126000.00, 126000.00, 'Đã thanh toán', 'Tiền mặt', 130000.00, 0.00, 'NV01102', NULL, NULL, 'DON1207', NULL),
('HD2603271208', '2026-03-27 21:00:00', 105000.00, 105000.00, 'Đã thanh toán', 'Chuyển khoản', 105000.00, 0.00, 'NV01104', NULL, NULL, 'DON1208', NULL),
('HD2603281209', '2026-03-28 12:45:00', 155000.00, 155000.00, 'Đã thanh toán', 'Tiền mặt', 160000.00, 0.00, 'NV01102', NULL, NULL, 'DON1209', NULL),
('HD2603281210', '2026-03-28 14:00:00', 275000.00, 275000.00, 'Đã thanh toán', 'Chuyển khoản', 275000.00, 0.00, 'NV01103', NULL, NULL, 'DON1210', NULL),
('HD2603281211', '2026-03-28 19:15:00', 56000.00, 56000.00, 'Đã thanh toán', 'Tiền mặt', 60000.00, 0.00, 'NV01104', NULL, NULL, 'DON1211', NULL),
('HD2603281212', '2026-03-28 20:45:00', 115000.00, 115000.00, 'Đã thanh toán', 'Chuyển khoản', 115000.00, 0.00, 'NV01105', NULL, NULL, 'DON1212', NULL),
('HD2603291213', '2026-03-29 12:30:00', 150000.00, 150000.00, 'Đã thanh toán', 'Tiền mặt', 150000.00, 0.00, 'NV01102', NULL, NULL, 'DON1213', NULL),
('HD2603291214', '2026-03-29 13:45:00', 140000.00, 140000.00, 'Đã thanh toán', 'Chuyển khoản', 140000.00, 0.00, 'NV01104', NULL, NULL, 'DON1214', NULL),
('HD2603291215', '2026-03-29 19:00:00', 285000.00, 285000.00, 'Đã thanh toán', 'Tiền mặt', 290000.00, 0.00, 'NV01103', NULL, NULL, 'DON1215', NULL),
('HD2603291216', '2026-03-29 20:30:00', 75000.00, 75000.00, 'Đã thanh toán', 'Chuyển khoản', 75000.00, 0.00, 'NV02101', NULL, NULL, 'DON1216', NULL),
('HD2603301217', '2026-03-30 13:00:00', 66000.00, 66000.00, 'Đã thanh toán', 'Tiền mặt', 70000.00, 0.00, 'NV01103', NULL, NULL, 'DON1217', NULL),
('HD2603301218', '2026-03-30 14:15:00', 155000.00, 155000.00, 'Đã thanh toán', 'Chuyển khoản', 155000.00, 0.00, 'NV01105', NULL, NULL, 'DON1218', NULL),
('HD2603301219', '2026-03-30 19:30:00', 150000.00, 150000.00, 'Đã thanh toán', 'Tiền mặt', 150000.00, 0.00, 'NV01102', NULL, NULL, 'DON1219', NULL),
('HD2603301220', '2026-03-30 21:00:00', 300000.00, 300000.00, 'Đã thanh toán', 'Chuyển khoản', 300000.00, 0.00, 'NV01104', NULL, NULL, 'DON1220', NULL),
('HD2603311221', '2026-03-31 12:30:00', 60000.00, 60000.00, 'Đã thanh toán', 'Tiền mặt', 60000.00, 0.00, 'NV01102', NULL, NULL, 'DON1221', NULL),
('HD2603311222', '2026-03-31 13:45:00', 105000.00, 105000.00, 'Đã thanh toán', 'Chuyển khoản', 105000.00, 0.00, 'NV01103', NULL, NULL, 'DON1222', NULL),
('HD2603311223', '2026-03-31 19:00:00', 155000.00, 155000.00, 'Đã thanh toán', 'Tiền mặt', 160000.00, 0.00, 'NV01104', NULL, NULL, 'DON1223', NULL),
('HD2603311224', '2026-03-31 20:30:00', 126000.00, 126000.00, 'Đã thanh toán', 'Chuyển khoản', 126000.00, 0.00, 'NV01105', NULL, NULL, 'DON1224', NULL),
('HD2604011225', '2026-04-01 13:00:00', 280000.00, 280000.00, 'Đã thanh toán', 'Tiền mặt', 280000.00, 0.00, 'NV01102', NULL, NULL, 'DON1225', NULL),
('HD2604011226', '2026-04-01 14:15:00', 90000.00, 90000.00, 'Đã thanh toán', 'Chuyển khoản', 90000.00, 0.00, 'NV01104', NULL, NULL, 'DON1226', NULL),
('HD2604011227', '2026-04-01 19:00:00', 155000.00, 155000.00, 'Đã thanh toán', 'Tiền mặt', 160000.00, 0.00, 'NV01103', NULL, NULL, 'DON1227', NULL),
('HD2604011228', '2026-04-01 20:30:00', 140000.00, 140000.00, 'Đã thanh toán', 'Chuyển khoản', 140000.00, 0.00, 'NV01105', NULL, NULL, 'DON1228', NULL),
('HD2604021229', '2026-04-02 12:45:00', 280000.00, 280000.00, 'Đã thanh toán', 'Tiền mặt', 280000.00, 0.00, 'NV01103', NULL, NULL, 'DON1229', NULL),
('HD2604021230', '2026-04-02 14:00:00', 400000.00, 400000.00, 'Đã thanh toán', 'Chuyển khoản', 400000.00, 0.00, 'NV01105', NULL, NULL, 'DON1230', NULL),
('HD2604021231', '2026-04-02 19:15:00', 56000.00, 56000.00, 'Đã thanh toán', 'Tiền mặt', 60000.00, 0.00, 'NV01102', NULL, NULL, 'DON1231', NULL),
('HD2604021232', '2026-04-02 20:45:00', 105000.00, 105000.00, 'Đã thanh toán', 'Chuyển khoản', 105000.00, 0.00, 'NV01104', NULL, NULL, 'DON1232', NULL),
('HD2604031233', '2026-04-03 12:30:00', 155000.00, 155000.00, 'Đã thanh toán', 'Tiền mặt', 160000.00, 0.00, 'NV01102', NULL, NULL, 'DON1233', NULL),
('HD2604031234', '2026-04-03 13:45:00', 126000.00, 126000.00, 'Đã thanh toán', 'Chuyển khoản', 126000.00, 0.00, 'NV01103', NULL, NULL, 'DON1234', NULL),
('HD2604031235', '2026-04-03 19:00:00', 275000.00, 275000.00, 'Đã thanh toán', 'Tiền mặt', 280000.00, 0.00, 'NV01104', NULL, NULL, 'DON1235', NULL),
('HD2604031236', '2026-04-03 20:30:00', 95000.00, 95000.00, 'Đã thanh toán', 'Chuyển khoản', 95000.00, 0.00, 'NV01105', NULL, NULL, 'DON1236', NULL),
('HD2604041237', '2026-04-04 13:00:00', 80000.00, 80000.00, 'Đã thanh toán', 'Tiền mặt', 80000.00, 0.00, 'NV01102', NULL, NULL, 'DON1237', NULL),
('HD2604041238', '2026-04-04 14:15:00', 135000.00, 135000.00, 'Đã thanh toán', 'Chuyển khoản', 135000.00, 0.00, 'NV01104', NULL, NULL, 'DON1238', NULL),
('HD2604041239', '2026-04-04 19:30:00', 155000.00, 155000.00, 'Đã thanh toán', 'Tiền mặt', 160000.00, 0.00, 'NV01103', NULL, NULL, 'DON1239', NULL),
('HD2604041240', '2026-04-04 21:00:00', 280000.00, 280000.00, 'Đã thanh toán', 'Chuyển khoản', 280000.00, 0.00, 'NV02101', NULL, NULL, 'DON1240', NULL),
('HD2604051241', '2026-04-05 12:45:00', 75000.00, 75000.00, 'Đã thanh toán', 'Tiền mặt', 80000.00, 0.00, 'NV01103', NULL, NULL, 'DON1241', NULL),
('HD2604051242', '2026-04-05 14:00:00', 126000.00, 126000.00, 'Đã thanh toán', 'Chuyển khoản', 126000.00, 0.00, 'NV01105', NULL, NULL, 'DON1242', NULL),
('HD2604051243', '2026-04-05 19:15:00', 135000.00, 135000.00, 'Đã thanh toán', 'Tiền mặt', 140000.00, 0.00, 'NV01102', NULL, NULL, 'DON1243', NULL),
('HD2604051244', '2026-04-05 20:45:00', 145000.00, 145000.00, 'Đã thanh toán', 'Chuyển khoản', 145000.00, 0.00, 'NV01104', NULL, NULL, 'DON1244', NULL),
('HD2604061245', '2026-04-06 12:30:00', 270000.00, 270000.00, 'Đã thanh toán', 'Tiền mặt', 270000.00, 0.00, 'NV01102', NULL, NULL, 'DON1245', NULL),
('HD2604061246', '2026-04-06 13:45:00', 90000.00, 90000.00, 'Đã thanh toán', 'Chuyển khoản', 90000.00, 0.00, 'NV01103', NULL, NULL, 'DON1246', NULL),
('HD2604061247', '2026-04-06 19:00:00', 105000.00, 105000.00, 'Đã thanh toán', 'Tiền mặt', 110000.00, 0.00, 'NV01104', NULL, NULL, 'DON1247', NULL),
('HD2604061248', '2026-04-06 20:30:00', 155000.00, 155000.00, 'Đã thanh toán', 'Chuyển khoản', 155000.00, 0.00, 'NV01105', NULL, NULL, 'DON1248', NULL),
('HD2604071249', '2026-04-07 13:00:00', 275000.00, 275000.00, 'Đã thanh toán', 'Tiền mặt', 280000.00, 0.00, 'NV01102', NULL, NULL, 'DON1249', NULL),
('HD2604071250', '2026-04-07 14:15:00', 450000.00, 450000.00, 'Đã thanh toán', 'Chuyển khoản', 450000.00, 0.00, 'NV01104', NULL, NULL, 'DON1250', NULL),
('HD2604081251', '2026-04-08 12:15:00', 410000.00, 410000.00, 'Đã thanh toán', 'Tiền mặt', 410000.00, 0.00, 'NV01103', NULL, NULL, 'DON1251', NULL),
('HD2604081252', '2026-04-08 13:30:00', 115000.00, 115000.00, 'Đã thanh toán', 'Chuyển khoản', 115000.00, 0.00, 'NV01105', NULL, NULL, 'DON1252', NULL),
('HD2604081253', '2026-04-08 18:45:00', 155000.00, 155000.00, 'Đã thanh toán', 'Tiền mặt', 160000.00, 0.00, 'NV01102', NULL, NULL, 'DON1253', NULL),
('HD2604081254', '2026-04-08 20:15:00', 275000.00, 275000.00, 'Đã thanh toán', 'Chuyển khoản', 275000.00, 0.00, 'NV01104', NULL, NULL, 'DON1254', NULL),
('HD2604091255', '2026-04-09 12:00:00', 410000.00, 410000.00, 'Đã thanh toán', 'Tiền mặt', 410000.00, 0.00, 'NV01102', NULL, NULL, 'DON1255', NULL),
('HD2604091256', '2026-04-09 13:15:00', 56000.00, 56000.00, 'Đã thanh toán', 'Chuyển khoản', 56000.00, 0.00, 'NV01104', NULL, NULL, 'DON1256', NULL),
('HD2604091257', '2026-04-09 18:30:00', 145000.00, 145000.00, 'Đã thanh toán', 'Tiền mặt', 150000.00, 0.00, 'NV01103', NULL, NULL, 'DON1257', NULL),
('HD2604091258', '2026-04-09 20:00:00', 75000.00, 75000.00, 'Đã thanh toán', 'Chuyển khoản', 75000.00, 0.00, 'NV01105', NULL, NULL, 'DON1258', NULL),
('HD2604101259', '2026-04-10 12:30:00', 155000.00, 155000.00, 'Đã thanh toán', 'Tiền mặt', 160000.00, 0.00, 'NV01103', NULL, NULL, 'DON1259', NULL),
('HD2604101260', '2026-04-10 13:45:00', 300000.00, 300000.00, 'Đã thanh toán', 'Chuyển khoản', 300000.00, 0.00, 'NV01105', NULL, NULL, 'DON1260', NULL),
('HD2604101261', '2026-04-10 19:00:00', 75000.00, 75000.00, 'Đã thanh toán', 'Tiền mặt', 80000.00, 0.00, 'NV01102', NULL, NULL, 'DON1261', NULL),
('HD2604101262', '2026-04-10 20:30:00', 126000.00, 126000.00, 'Đã thanh toán', 'Chuyển khoản', 126000.00, 0.00, 'NV01104', NULL, NULL, 'DON1262', NULL),
('HD2604111263', '2026-04-11 12:15:00', 95000.00, 95000.00, 'Đã thanh toán', 'Tiền mặt', 100000.00, 0.00, 'NV01102', NULL, NULL, 'DON1263', NULL),
('HD2604111264', '2026-04-11 13:30:00', 170000.00, 170000.00, 'Đã thanh toán', 'Chuyển khoản', 170000.00, 0.00, 'NV01103', NULL, NULL, 'DON1264', NULL),
('HD2604111265', '2026-04-11 18:45:00', 285000.00, 285000.00, 'Đã thanh toán', 'Tiền mặt', 290000.00, 0.00, 'NV01104', NULL, NULL, 'DON1265', NULL),
('HD2604111266', '2026-04-11 20:15:00', 70000.00, 70000.00, 'Đã thanh toán', 'Chuyển khoản', 70000.00, 0.00, 'NV01105', NULL, NULL, 'DON1266', NULL),
('HD2604121267', '2026-04-12 12:00:00', 105000.00, 105000.00, 'Đã thanh toán', 'Tiền mặt', 110000.00, 0.00, 'NV01102', NULL, NULL, 'DON1267', NULL),
('HD2604121268', '2026-04-12 13:15:00', 150000.00, 150000.00, 'Đã thanh toán', 'Chuyển khoản', 150000.00, 0.00, 'NV01104', NULL, NULL, 'DON1268', NULL),
('HD2604121269', '2026-04-12 18:30:00', 256000.00, 256000.00, 'Đã thanh toán', 'Tiền mặt', 260000.00, 0.00, 'NV01103', NULL, NULL, 'DON1269', NULL),
('HD2604121270', '2026-04-12 20:00:00', 375000.00, 375000.00, 'Đã thanh toán', 'Chuyển khoản', 375000.00, 0.00, 'NV01105', NULL, NULL, 'DON1270', NULL),
('HD2604131271', '2026-04-13 12:30:00', 100000.00, 100000.00, 'Đã thanh toán', 'Tiền mặt', 100000.00, 0.00, 'NV01103', NULL, NULL, 'DON1271', NULL),
('HD2604131272', '2026-04-13 13:45:00', 145000.00, 145000.00, 'Đã thanh toán', 'Chuyển khoản', 145000.00, 0.00, 'NV01105', NULL, NULL, 'DON1272', NULL),
('HD2604131273', '2026-04-13 19:00:00', 140000.00, 140000.00, 'Đã thanh toán', 'Tiền mặt', 140000.00, 0.00, 'NV01102', NULL, NULL, 'DON1273', NULL),
('HD2604131274', '2026-04-13 20:30:00', 280000.00, 280000.00, 'Đã thanh toán', 'Chuyển khoản', 280000.00, 0.00, 'NV01104', NULL, NULL, 'DON1274', NULL),
('HD2604141275', '2026-04-14 12:15:00', 450000.00, 450000.00, 'Đã thanh toán', 'Tiền mặt', 450000.00, 0.00, 'NV02101', NULL, NULL, 'DON1275', NULL),
('HD2604141276', '2026-04-14 12:30:00', 75000.00, 75000.00, 'Đã thanh toán', 'Tiền mặt', 80000.00, 0.00, 'NV01103', NULL, NULL, 'DON1276', NULL),
('HD2604141277', '2026-04-14 13:45:00', 135000.00, 135000.00, 'Đã thanh toán', 'Chuyển khoản', 135000.00, 0.00, 'NV01105', NULL, NULL, 'DON1277', NULL),
('HD2604141278', '2026-04-14 19:00:00', 140000.00, 140000.00, 'Đã thanh toán', 'Tiền mặt', 140000.00, 0.00, 'NV01102', NULL, NULL, 'DON1278', NULL),
('HD2604141279', '2026-04-14 20:30:00', 280000.00, 280000.00, 'Đã thanh toán', 'Chuyển khoản', 280000.00, 0.00, 'NV01104', NULL, NULL, 'DON1279', NULL),
('HD2604151280', '2026-04-15 13:00:00', 145000.00, 145000.00, 'Đã thanh toán', 'Tiền mặt', 150000.00, 0.00, 'NV01102', NULL, NULL, 'DON1280', NULL),
('HD2604151281', '2026-04-15 14:15:00', 61000.00, 61000.00, 'Đã thanh toán', 'Chuyển khoản', 61000.00, 0.00, 'NV01103', NULL, NULL, 'DON1281', NULL),
('HD2604151282', '2026-04-15 19:30:00', 155000.00, 155000.00, 'Đã thanh toán', 'Tiền mặt', 160000.00, 0.00, 'NV01104', NULL, NULL, 'DON1282', NULL),
('HD2604151283', '2026-04-15 21:00:00', 300000.00, 300000.00, 'Đã thanh toán', 'Chuyển khoản', 300000.00, 0.00, 'NV01105', NULL, NULL, 'DON1283', NULL),
('HD2604161284', '2026-04-16 12:45:00', 375000.00, 375000.00, 'Đã thanh toán', 'Tiền mặt', 380000.00, 0.00, 'NV01102', NULL, NULL, 'DON1284', NULL),
('HD2604161285', '2026-04-16 14:00:00', 450000.00, 450000.00, 'Đã thanh toán', 'Chuyển khoản', 450000.00, 0.00, 'NV01104', NULL, NULL, 'DON1285', NULL),
('HD2604161286', '2026-04-16 19:15:00', 66000.00, 66000.00, 'Đã thanh toán', 'Tiền mặt', 70000.00, 0.00, 'NV01103', NULL, NULL, 'DON1286', NULL),
('HD2604161287', '2026-04-16 20:45:00', 115000.00, 115000.00, 'Đã thanh toán', 'Chuyển khoản', 115000.00, 0.00, 'NV02101', NULL, NULL, 'DON1287', NULL);

INSERT INTO DonDatMon (maDon, ngayKhoiTao, thoiGianDen, trangThai, maNV, maKH, maBan) VALUES
-- Ngày 17/04/2026 (5 đơn)
('DON1288', '2026-04-17 12:00:00', '2026-04-17 12:00:00', 'Đã thanh toán', 'NV01103', 'KH20260301002', 'BAN03'),
('DON1289', '2026-04-17 13:15:00', '2026-04-17 13:15:00', 'Đã thanh toán', 'NV01105', 'KH20260301003', 'BAN04'),
('DON1290', '2026-04-17 18:30:00', '2026-04-17 18:30:00', 'Đã thanh toán', 'NV01102', 'KH20260301004', 'BAN05'),
('DON1291', '2026-04-17 20:00:00', '2026-04-17 20:00:00', 'Đã thanh toán', 'NV01104', 'KH20260301005', 'BAN01'),
('DON1292', '2026-04-17 21:00:00', '2026-04-17 21:00:00', 'Đã thanh toán', 'NV02101', 'KH20260301006', 'BAN02'),
-- Ngày 18/04/2026 (5 đơn)
('DON1293', '2026-04-18 12:30:00', '2026-04-18 12:30:00', 'Đã thanh toán', 'NV01103', 'KH20260301007', 'BAN03'),
('DON1294', '2026-04-18 13:45:00', '2026-04-18 13:45:00', 'Đã thanh toán', 'NV01105', 'KH20260301008', 'BAN04'),
('DON1295', '2026-04-18 19:00:00', '2026-04-18 19:00:00', 'Đã thanh toán', 'NV01102', 'KH20260301009', 'BAN05'),
('DON1296', '2026-04-18 20:30:00', '2026-04-18 20:30:00', 'Đã thanh toán', 'NV01104', 'KH20260301010', 'BAN01'),
('DON1297', '2026-04-18 21:30:00', '2026-04-18 21:30:00', 'Đã thanh toán', 'NV01103', 'KH20260301011', 'BAN02'),
-- Ngày 19/04/2026 (5 đơn)
('DON1298', '2026-04-19 12:15:00', '2026-04-19 12:15:00', 'Đã thanh toán', 'NV01105', 'KH20260301012', 'BAN03'),
('DON1299', '2026-04-19 13:30:00', '2026-04-19 13:30:00', 'Đã thanh toán', 'NV01102', 'KH20260301013', 'BAN04'),
('DON1300', '2026-04-19 18:45:00', '2026-04-19 18:45:00', 'Đã thanh toán', 'NV01104', 'KH20260301014', 'BAN05'),
('DON1301', '2026-04-19 20:15:00', '2026-04-19 20:15:00', 'Đã thanh toán', 'NV01103', 'KH20260301015', 'BAN01'),
('DON1302', '2026-04-19 21:15:00', '2026-04-19 21:15:00', 'Đã thanh toán', 'NV01105', 'KH20260301016', 'BAN02'),
-- Ngày 20/04/2026 (4 đơn)
('DON1303', '2026-04-20 12:00:00', '2026-04-20 12:00:00', 'Đã thanh toán', 'NV01102', 'KH20260301017', 'BAN03'),
('DON1304', '2026-04-20 13:15:00', '2026-04-20 13:15:00', 'Đã thanh toán', 'NV01104', 'KH20260301018', 'BAN04'),
('DON1305', '2026-04-20 18:30:00', '2026-04-20 18:30:00', 'Đã thanh toán', 'NV01103', 'KH20260301019', 'BAN05'),
('DON1306', '2026-04-20 20:00:00', '2026-04-20 20:00:00', 'Đã thanh toán', 'NV01105', 'KH20260301020', 'BAN01'),
-- Ngày 21/04/2026 (5 đơn)
('DON1307', '2026-04-21 12:30:00', '2026-04-21 12:30:00', 'Đã thanh toán', 'NV01103', 'KH20260301021', 'BAN02'),
('DON1308', '2026-04-21 13:45:00', '2026-04-21 13:45:00', 'Đã thanh toán', 'NV01105', 'KH20260301022', 'BAN03'),
('DON1309', '2026-04-21 19:00:00', '2026-04-21 19:00:00', 'Đã thanh toán', 'NV01102', 'KH20260301023', 'BAN04'),
('DON1310', '2026-04-21 20:30:00', '2026-04-21 20:30:00', 'Đã thanh toán', 'NV01104', 'KH20260301024', 'BAN05'),
('DON1311', '2026-04-21 21:30:00', '2026-04-21 21:30:00', 'Đã thanh toán', 'NV01103', 'KH20260301025', 'BAN01');

INSERT INTO ChiTietHoaDon (maDon, maMonAn, soLuong, donGia) VALUES
('DON1288', 'MA111', 1, 120000.00), ('DON1288', 'MA103', 2, 10000.00),
('DON1289', 'MA113', 1, 250000.00), ('DON1289', 'MA117', 1, 30000.00),
('DON1290', 'MA105', 1, 350000.00), ('DON1290', 'MA115', 1, 25000.00),
('DON1291', 'MA108', 2, 60000.00), ('DON1291', 'MA116', 1, 35000.00),
('DON1292', 'MA119', 1, 55000.00), ('DON1292', 'MA104', 2, 3000.00),

('DON1293', 'MA110', 1, 65000.00), ('DON1293', 'MA115', 2, 25000.00),
('DON1294', 'MA111', 1, 120000.00), ('DON1294', 'MA117', 1, 30000.00),
('DON1295', 'MA113', 1, 250000.00), ('DON1295', 'MA103', 2, 10000.00),
('DON1296', 'MA101', 1, 50000.00), ('DON1296', 'MA116', 1, 35000.00),
('DON1297', 'MA108', 2, 60000.00), ('DON1297', 'MA115', 2, 25000.00),

('DON1298', 'MA110', 1, 65000.00), ('DON1298', 'MA104', 2, 3000.00),
('DON1299', 'MA111', 1, 120000.00), ('DON1299', 'MA117', 1, 30000.00),
('DON1300', 'MA113', 1, 250000.00), ('DON1300', 'MA115', 1, 25000.00),
('DON1301', 'MA119', 1, 55000.00), ('DON1301', 'MA103', 2, 10000.00),
('DON1302', 'MA108', 2, 60000.00), ('DON1302', 'MA116', 1, 35000.00),

('DON1303', 'MA111', 1, 120000.00), ('DON1303', 'MA115', 2, 25000.00),
('DON1304', 'MA113', 1, 250000.00), ('DON1304', 'MA104', 2, 3000.00),
('DON1305', 'MA105', 1, 350000.00), ('DON1305', 'MA117', 1, 30000.00),
('DON1306', 'MA108', 2, 60000.00), ('DON1306', 'MA103', 1, 10000.00),

('DON1307', 'MA110', 1, 65000.00), ('DON1307', 'MA116', 2, 35000.00),
('DON1308', 'MA111', 1, 120000.00), ('DON1308', 'MA115', 1, 25000.00),
('DON1309', 'MA113', 1, 250000.00), ('DON1309', 'MA104', 2, 3000.00),
('DON1310', 'MA101', 1, 50000.00), ('DON1310', 'MA117', 1, 30000.00),
('DON1311', 'MA108', 2, 60000.00), ('DON1311', 'MA103', 2, 10000.00);

INSERT INTO HoaDon (maHD, ngayLap, tongTien, tongThanhToan, trangThai, hinhThucThanhToan, tienKhachDua, giamGia, maNV, maKH, maKM, maDon, tenBan) VALUES
-- Ngày 17/04/2026
('HD2604171288', '2026-04-17 12:30:00', 140000.00, 140000.00, 'Đã thanh toán', 'Tiền mặt', 140000.00, 0.00, 'NV01103', NULL, NULL, 'DON1288', NULL),
('HD2604171289', '2026-04-17 13:45:00', 280000.00, 280000.00, 'Đã thanh toán', 'Chuyển khoản', 280000.00, 0.00, 'NV01105', NULL, NULL, 'DON1289', NULL),
('HD2604171290', '2026-04-17 19:00:00', 375000.00, 375000.00, 'Đã thanh toán', 'Tiền mặt', 380000.00, 0.00, 'NV01102', NULL, NULL, 'DON1290', NULL),
('HD2604171291', '2026-04-17 20:30:00', 155000.00, 155000.00, 'Đã thanh toán', 'Chuyển khoản', 155000.00, 0.00, 'NV01104', NULL, NULL, 'DON1291', NULL),
('HD2604171292', '2026-04-17 21:30:00', 61000.00, 61000.00, 'Đã thanh toán', 'Tiền mặt', 70000.00, 0.00, 'NV02101', NULL, NULL, 'DON1292', NULL),
-- Ngày 18/04/2026
('HD2604181293', '2026-04-18 13:00:00', 115000.00, 115000.00, 'Đã thanh toán', 'Chuyển khoản', 115000.00, 0.00, 'NV01103', NULL, NULL, 'DON1293', NULL),
('HD2604181294', '2026-04-18 14:15:00', 150000.00, 150000.00, 'Đã thanh toán', 'Tiền mặt', 150000.00, 0.00, 'NV01105', NULL, NULL, 'DON1294', NULL),
('HD2604181295', '2026-04-18 19:30:00', 270000.00, 270000.00, 'Đã thanh toán', 'Chuyển khoản', 270000.00, 0.00, 'NV01102', NULL, NULL, 'DON1295', NULL),
('HD2604181296', '2026-04-18 21:00:00', 85000.00, 85000.00, 'Đã thanh toán', 'Tiền mặt', 90000.00, 0.00, 'NV01104', NULL, NULL, 'DON1296', NULL),
('HD2604181297', '2026-04-18 22:00:00', 110000.00, 110000.00, 'Đã thanh toán', 'Chuyển khoản', 110000.00, 0.00, 'NV01103', NULL, NULL, 'DON1297', NULL),
-- Ngày 19/04/2026
('HD2604191298', '2026-04-19 12:45:00', 71000.00, 71000.00, 'Đã thanh toán', 'Tiền mặt', 80000.00, 0.00, 'NV01105', NULL, NULL, 'DON1298', NULL),
('HD2604191299', '2026-04-19 14:00:00', 150000.00, 150000.00, 'Đã thanh toán', 'Chuyển khoản', 150000.00, 0.00, 'NV01102', NULL, NULL, 'DON1299', NULL),
('HD2604191300', '2026-04-19 19:15:00', 275000.00, 275000.00, 'Đã thanh toán', 'Tiền mặt', 280000.00, 0.00, 'NV01104', NULL, NULL, 'DON1300', NULL),
('HD2604191301', '2026-04-19 20:45:00', 75000.00, 75000.00, 'Đã thanh toán', 'Chuyển khoản', 75000.00, 0.00, 'NV01103', NULL, NULL, 'DON1301', NULL),
('HD2604191302', '2026-04-19 21:45:00', 155000.00, 155000.00, 'Đã thanh toán', 'Tiền mặt', 160000.00, 0.00, 'NV01105', NULL, NULL, 'DON1302', NULL),
-- Ngày 20/04/2026
('HD2604201303', '2026-04-20 12:30:00', 170000.00, 170000.00, 'Đã thanh toán', 'Chuyển khoản', 170000.00, 0.00, 'NV01102', NULL, NULL, 'DON1303', NULL),
('HD2604201304', '2026-04-20 13:45:00', 256000.00, 256000.00, 'Đã thanh toán', 'Tiền mặt', 260000.00, 0.00, 'NV01104', NULL, NULL, 'DON1304', NULL),
('HD2604201305', '2026-04-20 19:00:00', 380000.00, 380000.00, 'Đã thanh toán', 'Chuyển khoản', 380000.00, 0.00, 'NV01103', NULL, NULL, 'DON1305', NULL),
('HD2604201306', '2026-04-20 20:30:00', 130000.00, 130000.00, 'Đã thanh toán', 'Tiền mặt', 130000.00, 0.00, 'NV01105', NULL, NULL, 'DON1306', NULL),
-- Ngày 21/04/2026
('HD2604211307', '2026-04-21 13:00:00', 135000.00, 135000.00, 'Đã thanh toán', 'Chuyển khoản', 135000.00, 0.00, 'NV01103', NULL, NULL, 'DON1307', NULL),
('HD2604211308', '2026-04-21 14:15:00', 145000.00, 145000.00, 'Đã thanh toán', 'Tiền mặt', 150000.00, 0.00, 'NV01105', NULL, NULL, 'DON1308', NULL),
('HD2604211309', '2026-04-21 19:30:00', 256000.00, 256000.00, 'Đã thanh toán', 'Chuyển khoản', 256000.00, 0.00, 'NV01102', NULL, NULL, 'DON1309', NULL),
('HD2604211310', '2026-04-21 21:00:00', 80000.00, 80000.00, 'Đã thanh toán', 'Tiền mặt', 80000.00, 0.00, 'NV01104', NULL, NULL, 'DON1310', NULL),
('HD2604211311', '2026-04-21 22:00:00', 140000.00, 140000.00, 'Đã thanh toán', 'Chuyển khoản', 140000.00, 0.00, 'NV01103', NULL, NULL, 'DON1311', NULL);

INSERT INTO GiaoCa (maNV, thoiGianBatDau, thoiGianKetThuc, tienDauCa, tienCuoiCa, tienHeThongTinh, chenhLech, ghiChu) VALUES

('NV01102', '2026-03-01 06:08:45', '2026-03-01 14:04:12', 1500000.00, 1585000.00, 85000.00, 0.00, 'Khớp số đầu tiên trong tháng.'),
('NV01103', '2026-03-01 05:51:22', '2026-03-01 13:54:55', 1200000.00, 1306500.00, 105000.00, 1500.00, 'Thừa quỹ 1,500 VNĐ.'),
('NV01104', '2026-03-01 14:03:19', '2026-03-01 22:07:30', 1800000.00, 2245000.00, 450000.00, -5000.00, 'Thiếu quỹ 5,000 VNĐ.'),
('NV01105', '2026-03-01 18:05:01', '2026-03-01 22:01:10', 1000000.00, 1075000.00, 75000.00, 0.00, 'Khớp số.'),

-- Ngày 02/03/2026 (Thứ Hai)
('NV01102', '2026-03-02 05:52:10', '2026-03-02 13:59:05', 1450000.00, 1607000.00, 155000.00, 2000.00, 'Thừa quỹ 2,000 VNĐ.'),
('NV01104', '2026-03-02 06:01:58', '2026-03-02 14:09:47', 1100000.00, 1280000.00, 180000.00, 0.00, 'Khớp số.'),
('NV01103', '2026-03-02 14:05:40', '2026-03-02 21:58:15', 1600000.00, 1919000.00, 320000.00, -1000.00, 'Thiếu quỹ 1,000 VNĐ.'),
('NV01105', '2026-03-02 05:50:30', '2026-03-02 10:07:05', 1050000.00, 1100000.00, 50000.00, 0.00, 'Khớp số ca part-time.'),

-- Ngày 03/03/2026 (Thứ Ba)
('NV01103', '2026-03-03 06:03:03', '2026-03-03 14:08:20', 1350000.00, 1472500.00, 125000.00, -2500.00, 'Thiếu quỹ 2,500 VNĐ.'),
('NV01105', '2026-03-03 06:05:45', '2026-03-03 13:50:02', 1700000.00, 1795000.00, 95000.00, 0.00, 'Khớp số.'),
('NV01102', '2026-03-03 13:50:18', '2026-03-03 22:03:33', 1900000.00, 2280500.00, 380000.00, 500.00, 'Thừa quỹ 500 VNĐ.'),
('NV01104', '2026-03-03 14:07:59', '2026-03-03 21:52:11', 1250000.00, 1670000.00, 420000.00, 0.00, 'Khớp số.'),

-- Ngày 04/03/2026 (Thứ Tư)
('NV01102', '2026-03-04 05:58:34', '2026-03-04 14:02:44', 1150000.00, 1225000.00, 75000.00, 0.00, 'Khớp số.'),
('NV01103', '2026-03-04 06:04:15', '2026-03-04 13:56:07', 1550000.00, 1664500.00, 115000.00, -500.00, 'Thiếu quỹ 500 VNĐ.'),
('NV01104', '2026-03-04 14:01:09', '2026-03-04 22:09:50', 1750000.00, 2151000.00, 400000.00, 1000.00, 'Thừa quỹ 1,000 VNĐ.'),
('NV01105', '2026-03-04 17:55:16', '2026-03-04 21:51:39', 1000000.00, 1060000.00, 60000.00, 0.00, 'Khớp số.'),

-- Ngày 05/03/2026 (Thứ Năm)
('NV01102', '2026-03-05 06:06:50', '2026-03-05 14:05:08', 1650000.00, 1790000.00, 140000.00, 0.00, 'Khớp số.'),
('NV01104', '2026-03-05 05:57:38', '2026-03-05 13:58:21', 1300000.00, 1468000.00, 165000.00, 3000.00, 'Thừa quỹ 3,000 VNĐ.'),
('NV01103', '2026-03-05 14:00:11', '2026-03-05 22:04:05', 1500000.00, 1748500.00, 250000.00, -1500.00, 'Thiếu quỹ 1,500 VNĐ.'),
('NV02101', '2026-03-05 14:09:29', '2026-03-05 21:55:18', 1850000.00, 2225000.00, 375000.00, 0.00, 'Khớp số.'),

-- Ngày 06/03/2026 (Thứ Sáu)
('NV01103', '2026-03-06 05:51:04', '2026-03-06 14:01:30', 1150000.00, 1295000.00, 145000.00, 0.00, 'Khớp số.'),
('NV01105', '2026-03-06 06:09:12', '2026-03-06 13:53:50', 1400000.00, 1511000.00, 110000.00, 1000.00, 'Thừa quỹ 1,000 VNĐ.'),
('NV01102', '2026-03-06 14:02:44', '2026-03-06 21:57:11', 1700000.00, 2090000.00, 390000.00, 0.00, 'Khớp số.'),
('NV01104', '2026-03-06 14:00:59', '2026-03-06 22:08:40', 1200000.00, 1473000.00, 275000.00, -2000.00, 'Thiếu quỹ 2,000 VNĐ.'),

-- Ngày 07/03/2026 (Thứ Bảy)
('NV01102', '2026-03-07 05:54:33', '2026-03-07 13:51:06', 1350000.00, 1415000.00, 65000.00, 0.00, 'Khớp số.'),
('NV01103', '2026-03-07 06:07:25', '2026-03-07 14:06:50', 1700000.00, 1810000.00, 110000.00, 0.00, 'Khớp số.'),
('NV01104', '2026-03-07 13:50:41', '2026-03-07 22:02:59', 1500000.00, 1900500.00, 400000.00, 500.00, 'Thừa quỹ 500 VNĐ.'),
('NV01105', '2026-03-07 18:04:18', '2026-03-07 21:53:30', 1100000.00, 1249000.00, 150000.00, -1000.00, 'Thiếu quỹ 1,000 VNĐ.'),

-- Ngày 08/03/2026 (Chủ Nhật)
('NV01102', '2026-03-08 06:00:36', '2026-03-08 13:58:19', 1250000.00, 1330000.00, 80000.00, 0.00, 'Khớp số.'),
('NV01104', '2026-03-08 05:55:05', '2026-03-08 14:03:00', 1900000.00, 2175000.00, 275000.00, 0.00, 'Khớp số.'),
('NV01103', '2026-03-08 14:07:20', '2026-03-08 22:06:45', 1600000.00, 1916000.00, 315000.00, 1000.00, 'Thừa quỹ 1,000 VNĐ.'),
('NV01105', '2026-03-08 06:09:55', '2026-03-08 09:50:11', 1000000.00, 1050000.00, 50000.00, 0.00, 'Khớp số ca part-time sáng.'),

-- Ngày 09/03/2026 (Thứ Hai)
('NV01103', '2026-03-09 05:53:20', '2026-03-09 13:54:10', 1750000.00, 1917000.00, 170000.00, -3000.00, 'Thiếu quỹ 3,000 VNĐ. Giải trình sau.'),
('NV01105', '2026-03-09 06:05:15', '2026-03-09 14:08:25', 1400000.00, 1680000.00, 280000.00, 0.00, 'Khớp số.'),
('NV01102', '2026-03-09 13:58:50', '2026-03-09 22:01:03', 1950000.00, 2315000.00, 360000.00, 5000.00, 'Thừa quỹ 5,000 VNĐ. Cần kiểm tra lại.'),
('NV01104', '2026-03-09 14:00:20', '2026-03-09 21:51:33', 1100000.00, 1580000.00, 480000.00, 0.00, 'Khớp số.'),

-- Ngày 10/03/2026 (Thứ Ba)
('NV01102', '2026-03-10 05:59:08', '2026-03-10 14:02:11', 1500000.00, 1665000.00, 165000.00, 0.00, 'Khớp số.'),
('NV01103', '2026-03-10 06:07:30', '2026-03-10 13:56:45', 1300000.00, 1426200.00, 126000.00, 200.00, 'Thừa quỹ 200 VNĐ.'),
('NV01104', '2026-03-10 14:04:19', '2026-03-10 22:05:07', 1850000.00, 2289500.00, 440000.00, -500.00, 'Thiếu quỹ 500 VNĐ.'),
('NV01105', '2026-03-10 17:50:35', '2026-03-10 21:54:20', 1000000.00, 1045000.00, 45000.00, 0.00, 'Khớp số ca part-time.'),

-- Ngày 11/03/2026 (Thứ Tư)
('NV01102', '2026-03-11 06:01:40', '2026-03-11 13:57:33', 1600000.00, 1740000.00, 140000.00, 0.00, 'Khớp số.'),
('NV01104', '2026-03-11 05:53:15', '2026-03-11 14:06:01', 1200000.00, 1316000.00, 115000.00, 1000.00, 'Thừa quỹ 1,000 VNĐ.'),
('NV01103', '2026-03-11 14:00:45', '2026-03-11 22:08:10', 1750000.00, 2128000.00, 380000.00, -2000.00, 'Thiếu quỹ 2,000 VNĐ.'),
('NV02101', '2026-03-11 13:52:18', '2026-03-11 21:55:04', 1000000.00, 1155000.00, 155000.00, 0.00, 'Khớp số.'),

-- Ngày 12/03/2026 (Thứ Năm)
('NV01103', '2026-03-12 05:55:50', '2026-03-12 14:04:10', 1450000.00, 1516000.00, 66000.00, 0.00, 'Khớp số.'),
('NV01105', '2026-03-12 06:03:09', '2026-03-12 13:58:45', 1800000.00, 1875500.00, 75000.00, 500.00, 'Thừa quỹ 500 VNĐ.'),
('NV01102', '2026-03-12 14:01:22', '2026-03-12 21:51:19', 1900000.00, 2205000.00, 305000.00, 0.00, 'Khớp số.'),
('NV01104', '2026-03-12 14:06:50', '2026-03-12 22:09:05', 1150000.00, 1299500.00, 150000.00, -500.00, 'Thiếu quỹ 500 VNĐ.'),

-- Ngày 13/03/2026 (Thứ Sáu)
('NV01102', '2026-03-13 06:09:02', '2026-03-13 14:05:55', 1500000.00, 1615000.00, 115000.00, 0.00, 'Khớp số.'),
('NV01103', '2026-03-13 05:50:30', '2026-03-13 13:53:11', 1200000.00, 1350000.00, 150000.00, 0.00, 'Khớp số.'),
('NV01104', '2026-03-13 14:02:40', '2026-03-13 22:00:50', 1700000.00, 2086000.00, 385000.00, 1000.00, 'Thừa quỹ 1,000 VNĐ.'),
('NV01105', '2026-03-13 18:08:18', '2026-03-13 21:50:40', 1000000.00, 1139500.00, 140000.00, -500.00, 'Thiếu quỹ 500 VNĐ.'),

-- Ngày 14/03/2026 (Thứ Bảy)
('NV01102', '2026-03-14 05:57:15', '2026-03-14 14:07:30', 1300000.00, 1620000.00, 320000.00, 0.00, 'Khớp số.'),
('NV01104', '2026-03-14 06:05:01', '2026-03-14 13:55:00', 1650000.00, 2005000.00, 353000.00, 2000.00, 'Thừa quỹ 2,000 VNĐ.'),
('NV01103', '2026-03-14 14:01:25', '2026-03-14 22:03:19', 1900000.00, 2119000.00, 220000.00, -1000.00, 'Thiếu quỹ 1,000 VNĐ.'),
('NV01105', '2026-03-14 06:08:35', '2026-03-14 09:59:15', 1050000.00, 1110000.00, 60000.00, 0.00, 'Khớp số ca part-time sáng.'),

-- Ngày 15/03/2026 (Chủ Nhật)
('NV01103', '2026-03-15 05:52:05', '2026-03-15 14:06:50', 1400000.00, 1550000.00, 150000.00, 0.00, 'Khớp số.'),
('NV01105', '2026-03-15 06:00:55', '2026-03-15 13:51:30', 1750000.00, 1861500.00, 110000.00, 1500.00, 'Thừa quỹ 1,500 VNĐ.'),
('NV01102', '2026-03-15 14:07:45', '2026-03-15 22:04:10', 1800000.00, 2175000.00, 380000.00, -5000.00, 'Thiếu quỹ 5,000 VNĐ. Cần kiểm tra CCTV.'),
('NV01104', '2026-03-15 13:58:30', '2026-03-15 21:55:05', 1200000.00, 1480000.00, 280000.00, 0.00, 'Khớp số.'),

-- Ngày 16/03/2026 (Thứ Hai)
('NV01102', '2026-03-16 05:55:18', '2026-03-16 13:50:50', 1600000.00, 1851000.00, 250000.00, 1000.00, 'Thừa quỹ 1,000 VNĐ.'),
('NV01103', '2026-03-16 06:02:30', '2026-03-16 14:07:05', 1300000.00, 1500000.00, 200000.00, 0.00, 'Khớp số.'),
('NV01104', '2026-03-16 14:09:55', '2026-03-16 22:01:45', 1700000.00, 2245000.00, 550000.00, -5000.00, 'Thiếu quỹ 5,000 VNĐ. Cần kiểm tra.'),
('NV01105', '2026-03-16 18:03:00', '2026-03-16 21:52:10', 1000000.00, 1070000.00, 70000.00, 0.00, 'Khớp số ca part-time.'),

-- Ngày 17/03/2026 (Thứ Ba)
('NV01102', '2026-03-17 06:07:15', '2026-03-17 14:03:33', 1450000.00, 1555000.00, 105000.00, 0.00, 'Khớp số.'),
('NV01104', '2026-03-17 05:56:05', '2026-03-17 13:58:20', 1900000.00, 2026500.00, 125000.00, 1500.00, 'Thừa quỹ 1,500 VNĐ.'),
('NV01103', '2026-03-17 14:00:50', '2026-03-17 22:04:15', 1200000.00, 1520000.00, 320000.00, 0.00, 'Khớp số.'),
('NV02101', '2026-03-17 13:50:08', '2026-03-17 21:55:50', 1750000.00, 2123000.00, 375000.00, -2000.00, 'Thiếu quỹ 2,000 VNĐ.'),

-- Ngày 18/03/2026 (Thứ Tư)
('NV01103', '2026-03-18 06:05:40', '2026-03-18 13:54:19', 1100000.00, 1245000.00, 145000.00, 0.00, 'Khớp số.'),
('NV01105', '2026-03-18 05:59:10', '2026-03-18 14:01:05', 1500000.00, 1680000.00, 180000.00, 0.00, 'Khớp số.'),
('NV01102', '2026-03-18 14:08:25', '2026-03-18 21:50:33', 1800000.00, 2091000.00, 290000.00, 1000.00, 'Thừa quỹ 1,000 VNĐ.'),
('NV01104', '2026-03-18 14:00:01', '2026-03-18 22:07:20', 1350000.00, 1629500.00, 280000.00, -500.00, 'Thiếu quỹ 500 VNĐ.'),

-- Ngày 19/03/2026 (Thứ Năm)
('NV01102', '2026-03-19 05:52:19', '2026-03-19 14:05:55', 1700000.00, 1815000.00, 115000.00, 0.00, 'Khớp số.'),
('NV01103', '2026-03-19 06:09:30', '2026-03-19 13:53:40', 1250000.00, 1400000.00, 150000.00, 0.00, 'Khớp số.'),
('NV01104', '2026-03-19 13:51:11', '2026-03-19 22:00:25', 1950000.00, 2302000.00, 350000.00, 2000.00, 'Thừa quỹ 2,000 VNĐ.'),
('NV01105', '2026-03-19 17:59:35', '2026-03-19 21:58:08', 1000000.00, 1120000.00, 120000.00, 0.00, 'Khớp số ca part-time.'),

-- Ngày 20/03/2026 (Thứ Sáu)
('NV01102', '2026-03-20 06:03:00', '2026-03-20 13:50:55', 1550000.00, 1680000.00, 130000.00, 0.00, 'Khớp số.'),
('NV01104', '2026-03-20 05:51:40', '2026-03-20 14:02:18', 1300000.00, 1500000.00, 200000.00, 0.00, 'Khớp số.'),
('NV01103', '2026-03-20 14:07:05', '2026-03-20 22:06:55', 1600000.00, 1899000.00, 300000.00, -1000.00, 'Thiếu quỹ 1,000 VNĐ.'),
('NV01105', '2026-03-20 05:55:10', '2026-03-20 09:59:12', 1050000.00, 1075000.00, 25000.00, 0.00, 'Khớp số ca part-time sáng.'),

-- Ngày 21/03/2026 (Thứ Bảy)
('NV01103', '2026-03-21 06:00:25', '2026-03-21 13:58:01', 1400000.00, 1520000.00, 120000.00, 0.00, 'Khớp số.'),
('NV01105', '2026-03-21 06:06:19', '2026-03-21 14:07:35', 1800000.00, 1961500.00, 160000.00, 1500.00, 'Thừa quỹ 1,500 VNĐ.'),
('NV01102', '2026-03-21 14:01:05', '2026-03-21 21:52:11', 1900000.00, 2260000.00, 360000.00, 0.00, 'Khớp số.'),
('NV01104', '2026-03-21 14:05:30', '2026-03-21 22:03:40', 1100000.00, 1449000.00, 350000.00, -1000.00, 'Thiếu quỹ 1,000 VNĐ.'),

-- Ngày 22/03/2026 (Chủ Nhật)
('NV01102', '2026-03-22 05:53:33', '2026-03-22 13:59:15', 1750000.00, 1880000.00, 130000.00, 0.00, 'Khớp số.'),
('NV01103', '2026-03-22 06:07:45', '2026-03-22 14:08:50', 1500000.00, 1720500.00, 220000.00, 500.00, 'Thừa quỹ 500 VNĐ.'),
('NV01104', '2026-03-22 14:00:20', '2026-03-22 21:55:01', 1850000.00, 2345000.00, 500000.00, -5000.00, 'Thiếu quỹ 5,000 VNĐ. Do bận, sơ sót.'),
('NV01105', '2026-03-22 17:51:15', '2026-03-22 22:04:19', 1000000.00, 1150000.00, 150000.00, 0.00, 'Khớp số ca part-time.'),

-- Ngày 23/03/2026 (Thứ Hai)
('NV01102', '2026-03-23 05:59:10', '2026-03-23 13:51:30', 1600000.00, 1800000.00, 200000.00, 0.00, 'Khớp số.'),
('NV01104', '2026-03-23 06:01:05', '2026-03-23 14:05:40', 1400000.00, 1555000.00, 155000.00, 0.00, 'Khớp số.'),
('NV01103', '2026-03-23 14:03:55', '2026-03-23 22:00:11', 1700000.00, 2191000.00, 490000.00, 1000.00, 'Thừa quỹ 1,000 VNĐ.'),
('NV02101', '2026-03-23 13:50:50', '2026-03-23 21:59:45', 1150000.00, 1530000.00, 380000.00, 0.00, 'Khớp số.'),

-- Ngày 24/03/2026 (Thứ Ba)
('NV01103', '2026-03-24 06:07:35', '2026-03-24 13:54:55', 1800000.00, 1920000.00, 120000.00, 0.00, 'Khớp số.'),
('NV01105', '2026-03-24 05:50:11', '2026-03-24 14:02:20', 1250000.00, 1405000.00, 155000.00, 0.00, 'Khớp số.'),
('NV01102', '2026-03-24 14:00:05', '2026-03-24 21:57:33', 1650000.00, 1935000.00, 285000.00, -500.00, 'Thiếu quỹ 500 VNĐ.'),
('NV01104', '2026-03-24 14:09:12', '2026-03-24 22:01:50', 1500000.00, 1925000.00, 425000.00, 0.00, 'Khớp số.'),

-- Ngày 25/03/2026 (Thứ Tư)
('NV01102', '2026-03-25 05:55:50', '2026-03-25 13:50:00', 1900000.00, 2030000.00, 130000.00, 0.00, 'Khớp số.'),
('NV01103', '2026-03-25 06:04:18', '2026-03-25 14:04:30', 1100000.00, 1261000.00, 160000.00, 1000.00, 'Thừa quỹ 1,000 VNĐ.'),
('NV01104', '2026-03-25 14:01:55', '2026-03-25 22:08:22', 1700000.00, 2005000.00, 300000.00, 5000.00, 'Thừa quỹ 5,000 VNĐ. Cần xác minh.'),
('NV01105', '2026-03-25 18:07:30', '2026-03-25 21:51:11', 1000000.00, 1065000.00, 65000.00, 0.00, 'Khớp số ca part-time.'),

-- Ngày 26/03/2026 (Thứ Năm)
('NV01102', '2026-03-26 06:09:05', '2026-03-26 13:58:35', 1200000.00, 1335000.00, 135000.00, 0.00, 'Khớp số.'),
('NV01104', '2026-03-26 05:51:25', '2026-03-26 14:02:40', 1550000.00, 1700000.00, 150000.00, 0.00, 'Khớp số.'),
('NV01103', '2026-03-26 14:00:10', '2026-03-26 22:04:55', 1850000.00, 2197500.00, 350000.00, -2500.00, 'Thiếu quỹ 2,500 VNĐ.'),
('NV01105', '2026-03-26 05:54:40', '2026-03-26 09:50:03', 1000000.00, 1030000.00, 30000.00, 0.00, 'Khớp số ca part-time sáng.'),

-- Ngày 27/03/2026 (Thứ Sáu)
('NV01103', '2026-03-27 06:05:08', '2026-03-27 13:57:40', 1450000.00, 1565000.00, 115000.00, 0.00, 'Khớp số.'),
('NV01105', '2026-03-27 06:00:30', '2026-03-27 14:08:15', 1700000.00, 1850000.00, 150000.00, 0.00, 'Khớp số.'),
('NV01102', '2026-03-27 14:09:50', '2026-03-27 21:55:00', 1900000.00, 2261000.00, 360000.00, 1000.00, 'Thừa quỹ 1,000 VNĐ.'),
('NV01104', '2026-03-27 13:53:11', '2026-03-27 22:03:33', 1300000.00, 1699500.00, 400000.00, -500.00, 'Thiếu quỹ 500 VNĐ.'),

-- Ngày 28/03/2026 (Thứ Bảy)
('NV01102', '2026-03-28 05:56:55', '2026-03-28 14:00:20', 1600000.00, 1750000.00, 150000.00, 0.00, 'Khớp số.'),
('NV01103', '2026-03-28 06:03:40', '2026-03-28 13:51:19', 1400000.00, 1515000.00, 115000.00, 0.00, 'Khớp số.'),
('NV01104', '2026-03-28 14:05:01', '2026-03-28 22:07:05', 1750000.00, 2151000.00, 400000.00, 1000.00, 'Thừa quỹ 1,000 VNĐ.'),
('NV01105', '2026-03-28 17:58:30', '2026-03-28 21:52:18', 1000000.00, 1085000.00, 85000.00, 0.00, 'Khớp số ca part-time.'),

-- Ngày 29/03/2026 (Chủ Nhật)
('NV01102', '2026-03-29 06:01:22', '2026-03-29 14:08:45', 1350000.00, 1520000.00, 170000.00, 0.00, 'Khớp số.'),
('NV01104', '2026-03-29 05:54:05', '2026-03-29 13:50:50', 1800000.00, 2040000.00, 240000.00, 0.00, 'Khớp số.'),
('NV01103', '2026-03-29 14:06:50', '2026-03-29 22:04:33', 1900000.00, 2355000.00, 450000.00, 5000.00, 'Thừa quỹ 5,000 VNĐ.'),
('NV02101', '2026-03-29 13:51:30', '2026-03-29 21:55:01', 1000000.00, 1400000.00, 400000.00, 0.00, 'Khớp số.'),

-- Ngày 30/03/2026 (Thứ Hai)
('NV01103', '2026-03-30 06:09:55', '2026-03-30 13:52:10', 1500000.00, 1720000.00, 220000.00, 0.00, 'Khớp số.'),
('NV01105', '2026-03-30 05:50:30', '2026-03-30 14:01:50', 1600000.00, 1785000.00, 185000.00, 0.00, 'Khớp số.'),
('NV01102', '2026-03-30 14:05:40', '2026-03-30 22:00:25', 1700000.00, 2245000.00, 550000.00, -5000.00, 'Thiếu quỹ 5,000 VNĐ. Có thể do nhầm lẫn.'),
('NV01104', '2026-03-30 14:03:00', '2026-03-30 21:56:45', 1200000.00, 1699000.00, 500000.00, -1000.00, 'Thiếu quỹ 1,000 VNĐ.'),

-- Ngày 31/03/2026 (Thứ Ba)
('NV01102', '2026-03-31 05:55:10', '2026-03-31 13:50:40', 1800000.00, 1915000.00, 115000.00, 0.00, 'Khớp số đầu tháng.'),
('NV01103', '2026-03-31 06:06:55', '2026-03-31 14:05:55', 1100000.00, 1261000.00, 160000.00, 1000.00, 'Thừa quỹ 1,000 VNĐ.'),
('NV01104', '2026-03-31 14:01:05', '2026-03-31 22:08:18', 1650000.00, 2049500.00, 400000.00, -500.00, 'Thiếu quỹ 500 VNĐ.'),
('NV01105', '2026-03-31 17:59:00', '2026-03-31 21:52:30', 1000000.00, 1075000.00, 75000.00, 0.00, 'Khớp số ca part-time.'),

-- Ngày 01/04/2026 (Thứ Tư)
('NV01102', '2026-04-01 06:08:40', '2026-04-01 13:53:11', 1550000.00, 1700000.00, 150000.00, 0.00, 'Khớp số.'),
('NV01104', '2026-04-01 05:51:22', '2026-04-01 14:02:40', 1300000.00, 1420000.00, 120000.00, 0.00, 'Khớp số.'),
('NV01103', '2026-04-01 14:05:50', '2026-04-01 21:59:05', 1700000.00, 2030000.00, 330000.00, 0.00, 'Khớp số.'),
('NV01105', '2026-04-01 05:58:30', '2026-04-01 09:50:55', 1050000.00, 1075000.00, 25000.00, 0.00, 'Khớp số ca part-time sáng.'),

-- Ngày 02/04/2026 (Thứ Năm)
('NV01103', '2026-04-02 06:00:03', '2026-04-02 14:09:55', 1900000.00, 2015000.00, 115000.00, 0.00, 'Khớp số.'),
('NV01105', '2026-04-02 05:53:19', '2026-04-02 13:54:12', 1200000.00, 1371000.00, 170000.00, 1000.00, 'Thừa quỹ 1,000 VNĐ.'),
('NV01102', '2026-04-02 14:03:33', '2026-04-02 22:07:05', 1850000.00, 2199000.00, 350000.00, -1000.00, 'Thiếu quỹ 1,000 VNĐ.'),
('NV01104', '2026-04-02 13:50:18', '2026-04-02 21:51:19', 1400000.00, 1720000.00, 320000.00, 0.00, 'Khớp số.'),

-- Ngày 03/04/2026 (Thứ Sáu)
('NV01102', '2026-04-03 06:07:45', '2026-04-03 13:56:50', 1600000.00, 1735000.00, 135000.00, 0.00, 'Khớp số.'),
('NV01103', '2026-04-03 05:56:07', '2026-04-03 14:00:30', 1750000.00, 1860000.00, 110000.00, 0.00, 'Khớp số.'),
('NV01104', '2026-04-03 14:02:44', '2026-04-03 22:05:45', 1900000.00, 2302000.00, 400000.00, 2000.00, 'Thừa quỹ 2,000 VNĐ.'),
('NV01105', '2026-04-03 18:08:20', '2026-04-03 21:52:11', 1000000.00, 1055000.00, 55000.00, 0.00, 'Khớp số ca part-time.'),

-- Ngày 04/04/2026 (Thứ Bảy)
('NV01102', '2026-04-04 05:59:15', '2026-04-04 14:01:40', 1400000.00, 1515000.00, 115000.00, 0.00, 'Khớp số.'),
('NV01104', '2026-04-04 06:05:08', '2026-04-04 13:58:30', 1800000.00, 1950000.00, 150000.00, 0.00, 'Khớp số.'),
('NV01103', '2026-04-04 14:00:45', '2026-04-04 22:04:15', 1650000.00, 1929500.00, 280000.00, -500.00, 'Thiếu quỹ 500 VNĐ.'),
('NV02101', '2026-04-04 13:51:25', '2026-04-04 21:55:50', 1100000.00, 1490000.00, 390000.00, 0.00, 'Khớp số.'),

-- Ngày 05/04/2026 (Chủ Nhật)
('NV01103', '2026-04-05 06:01:19', '2026-04-05 14:07:33', 1500000.00, 1720000.00, 220000.00, 0.00, 'Khớp số.'),
('NV01105', '2026-04-05 05:54:33', '2026-04-05 13:50:00', 1900000.00, 2031500.00, 130000.00, 1500.00, 'Thừa quỹ 1,500 VNĐ.'),
('NV01102', '2026-04-05 14:06:10', '2026-04-05 22:09:50', 1700000.00, 2245000.00, 550000.00, -5000.00, 'Thiếu quỹ 5,000 VNĐ. Cần kiểm tra lại.'),
('NV01104', '2026-04-05 13:53:33', '2026-04-05 21:54:10', 1250000.00, 1729000.00, 480000.00, -1000.00, 'Thiếu quỹ 1,000 VNĐ.'),

-- Ngày 06/04/2026 (Thứ Hai)
('NV01102', '2026-04-06 05:50:05', '2026-04-06 14:08:25', 1600000.00, 1850000.00, 250000.00, 0.00, 'Khớp số.'),
('NV01103', '2026-04-06 06:00:25', '2026-04-06 13:51:11', 1400000.00, 1585000.00, 185000.00, 0.00, 'Khớp số.'),
('NV01104', '2026-04-06 14:03:00', '2026-04-06 22:00:45', 1950000.00, 2505000.00, 550000.00, 5000.00, 'Thừa quỹ 5,000 VNĐ. Ngày cuối tuần.'),
('NV01105', '2026-04-06 17:55:50', '2026-04-06 21:59:30', 1000000.00, 1150000.00, 150000.00, 0.00, 'Khớp số ca part-time.'),

-- Ngày 07/04/2026 (Thứ Ba)
('NV01102', '2026-04-07 06:09:40', '2026-04-07 14:06:55', 1700000.00, 1845000.00, 145000.00, 0.00, 'Khớp số.'),
('NV01104', '2026-04-07 05:52:19', '2026-04-07 13:54:40', 1200000.00, 1351000.00, 150000.00, 1000.00, 'Thừa quỹ 1,000 VNĐ.'),
('NV01103', '2026-04-07 14:00:11', '2026-04-07 22:03:03', 1800000.00, 2199000.00, 400000.00, -1000.00, 'Thiếu quỹ 1,000 VNĐ.'),
('NV01105', '2026-04-07 05:51:50', '2026-04-07 09:59:45', 1050000.00, 1080000.00, 30000.00, 0.00, 'Khớp số ca part-time sáng.'),

-- Ngày 08/04/2026 (Thứ Tư)
('NV01103', '2026-04-08 06:07:30', '2026-04-08 14:04:19', 1300000.00, 1450000.00, 150000.00, 0.00, 'Khớp số.'),
('NV01105', '2026-04-08 05:55:01', '2026-04-08 13:55:50', 1700000.00, 1825000.00, 125000.00, 0.00, 'Khớp số.'),
('NV01102', '2026-04-08 14:06:55', '2026-04-08 22:01:06', 1900000.00, 2200000.00, 300000.00, 0.00, 'Khớp số.'),
('NV01104', '2026-04-08 13:50:35', '2026-04-08 21:58:50', 1500000.00, 1849000.00, 350000.00, -1000.00, 'Thiếu quỹ 1,000 VNĐ.'),

-- Ngày 09/04/2026 (Thứ Năm)
('NV01102', '2026-04-09 06:09:12', '2026-04-09 13:52:18', 1450000.00, 1616000.00, 165000.00, 1000.00, 'Thừa quỹ 1,000 VNĐ.'),
('NV01103', '2026-04-09 05:50:40', '2026-04-09 14:07:25', 1100000.00, 1220000.00, 120000.00, 0.00, 'Khớp số.'),
('NV01104', '2026-04-09 14:03:40', '2026-04-09 22:04:44', 1750000.00, 2151000.00, 400000.00, 1000.00, 'Thừa quỹ 1,000 VNĐ.'),
('NV01105', '2026-04-09 18:02:22', '2026-04-09 21:55:01', 1000000.00, 1070000.00, 70000.00, 0.00, 'Khớp số ca part-time.'),

-- Ngày 10/04/2026 (Thứ Sáu)
('NV01102', '2026-04-10 05:59:08', '2026-04-10 13:58:30', 1600000.00, 1755000.00, 155000.00, 0.00, 'Khớp số.'),
('NV01104', '2026-04-10 06:04:33', '2026-04-10 14:00:05', 1850000.00, 1980000.00, 130000.00, -5000.00, 'Thiếu quỹ 5,000 VNĐ.'),
('NV01103', '2026-04-10 13:52:19', '2026-04-10 22:06:30', 1200000.00, 1549500.00, 350000.00, -500.00, 'Thiếu quỹ 500 VNĐ.'),
('NV02101', '2026-04-10 14:00:55', '2026-04-10 21:53:33', 1700000.00, 2060000.00, 360000.00, 0.00, 'Khớp số.'),

-- Ngày 11/04/2026 (Thứ Bảy)
('NV01103', '2026-04-11 06:06:45', '2026-04-11 14:01:58', 1500000.00, 1615000.00, 115000.00, 0.00, 'Khớp số.'),
('NV01105', '2026-04-11 05:50:00', '2026-04-11 13:57:40', 1900000.00, 2070000.00, 170000.00, 0.00, 'Khớp số.'),
('NV01102', '2026-04-11 14:05:15', '2026-04-11 21:51:05', 1750000.00, 2100500.00, 350000.00, 500.00, 'Thừa quỹ 500 VNĐ.'),
('NV01104', '2026-04-11 14:00:20', '2026-04-11 22:09:12', 1300000.00, 1718000.00, 420000.00, -2000.00, 'Thiếu quỹ 2,000 VNĐ.'),

-- Ngày 12/04/2026 (Chủ Nhật)
('NV01102', '2026-04-12 05:53:22', '2026-04-12 14:02:30', 1600000.00, 1800000.00, 200000.00, 0.00, 'Khớp số.'),
('NV01103', '2026-04-12 06:01:05', '2026-04-12 13:53:50', 1450000.00, 1655000.00, 205000.00, 0.00, 'Khớp số.'),
('NV01104', '2026-04-12 14:08:45', '2026-04-12 22:04:15', 1900000.00, 2405000.00, 500000.00, 5000.00, 'Thừa quỹ 5,000 VNĐ. Có nhầm lẫn.'),
('NV01105', '2026-04-12 18:00:40', '2026-04-12 21:59:55', 1000000.00, 1145000.00, 145000.00, 0.00, 'Khớp số ca part-time.'),

-- Ngày 13/04/2026 (Thứ Hai)
('NV01102', '2026-04-13 06:00:50', '2026-04-13 13:51:33', 1700000.00, 1920000.00, 220000.00, 0.00, 'Khớp số.'),
('NV01104', '2026-04-13 05:55:55', '2026-04-13 14:05:11', 1200000.00, 1435000.00, 235000.00, 0.00, 'Khớp số.'),
('NV01103', '2026-04-13 14:07:20', '2026-04-13 22:06:50', 1850000.00, 2349000.00, 500000.00, -1000.00, 'Thiếu quỹ 1,000 VNĐ.'),
('NV01105', '2026-04-13 06:03:09', '2026-04-13 09:50:08', 1050000.00, 1100000.00, 50000.00, 0.00, 'Khớp số ca part-time sáng.'),

-- Ngày 14/04/2026 (Thứ Ba)
('NV01103', '2026-04-14 05:51:40', '2026-04-14 14:09:47', 1500000.00, 1625000.00, 125000.00, 0.00, 'Khớp số.'),
('NV01105', '2026-04-14 06:06:30', '2026-04-14 13:58:35', 1900000.00, 2011000.00, 110000.00, 1000.00, 'Thừa quỹ 1,000 VNĐ.'),
('NV01102', '2026-04-14 14:00:55', '2026-04-14 21:55:55', 1600000.00, 1950000.00, 350000.00, 0.00, 'Khớp số.'),
('NV01104', '2026-04-14 14:05:01', '2026-04-14 22:08:10', 1300000.00, 1699500.00, 400000.00, -500.00, 'Thiếu quỹ 500 VNĐ.'),

-- Ngày 15/04/2026 (Thứ Tư)
('NV01102', '2026-04-15 06:03:15', '2026-04-15 13:50:22', 1750000.00, 1920000.00, 170000.00, 0.00, 'Khớp số.'),
('NV01103', '2026-04-15 05:52:10', '2026-04-15 14:01:05', 1200000.00, 1335000.00, 135000.00, 0.00, 'Khớp số.'),
('NV01104', '2026-04-15 14:00:05', '2026-04-15 22:05:40', 1850000.00, 2253000.00, 400000.00, 3000.00, 'Thừa quỹ 3,000 VNĐ.'),
('NV01105', '2026-04-15 17:54:33', '2026-04-15 21:53:19', 1000000.00, 1085000.00, 85000.00, 0.00, 'Khớp số ca part-time.'),

-- Ngày 16/04/2026 (Thứ Năm)
('NV01102', '2026-04-16 06:07:20', '2026-04-16 14:06:50', 1600000.00, 1750000.00, 150000.00, 0.00, 'Khớp số.'),
('NV01104', '2026-04-16 05:50:30', '2026-04-16 13:58:19', 1900000.00, 2035000.00, 135000.00, 0.00, 'Khớp số.'),
('NV01103', '2026-04-16 14:08:55', '2026-04-16 22:00:40', 1250000.00, 1547500.00, 300000.00, -2500.00, 'Thiếu quỹ 2,500 VNĐ.'),
('NV02101', '2026-04-16 14:05:11', '2026-04-16 21:55:50', 1700000.00, 2080000.00, 380000.00, 0.00, 'Khớp số.'),

-- Ngày 17/04/2026 (Thứ Sáu)
('NV01103', '2026-04-17 05:53:33', '2026-04-17 13:51:50', 1500000.00, 1615000.00, 115000.00, 0.00, 'Khớp số.'),
('NV01105', '2026-04-17 06:02:18', '2026-04-17 14:03:00', 1800000.00, 1950000.00, 150000.00, 0.00, 'Khớp số.'),
('NV01102', '2026-04-17 14:07:30', '2026-04-17 21:50:11', 1900000.00, 2281000.00, 380000.00, 1000.00, 'Thừa quỹ 1,000 VNĐ.'),
('NV01104', '2026-04-17 13:58:05', '2026-04-17 22:04:45', 1300000.00, 1629000.00, 330000.00, -1000.00, 'Thiếu quỹ 1,000 VNĐ.'),

-- Ngày 18/04/2026 (Thứ Bảy)
('NV01102', '2026-04-18 06:01:06', '2026-04-18 14:01:40', 1600000.00, 1750000.00, 150000.00, 0.00, 'Khớp số.'),
('NV01103', '2026-04-18 05:54:15', '2026-04-18 13:55:55', 1450000.00, 1605000.00, 155000.00, 0.00, 'Khớp số.'),
('NV01104', '2026-04-18 14:07:50', '2026-04-18 21:52:19', 1700000.00, 2151000.00, 450000.00, 1000.00, 'Thừa quỹ 1,000 VNĐ.'),
('NV01105', '2026-04-18 18:03:00', '2026-04-18 21:56:30', 1000000.00, 1130000.00, 130000.00, 0.00, 'Khớp số ca part-time.'),

-- Ngày 19/04/2026 (Chủ Nhật)
('NV01102', '2026-04-19 05:59:55', '2026-04-19 14:00:08', 1750000.00, 1955000.00, 205000.00, 0.00, 'Khớp số.'),
('NV01104', '2026-04-19 06:05:40', '2026-04-19 13:50:50', 1200000.00, 1450000.00, 250000.00, 0.00, 'Khớp số.'),
('NV01103', '2026-04-19 14:01:10', '2026-04-19 22:04:18', 1900000.00, 2375000.00, 470000.00, 5000.00, 'Thừa quỹ 5,000 VNĐ. Ngày cuối tuần.'),
('NV01105', '2026-04-19 06:08:25', '2026-04-19 09:59:15', 1050000.00, 1090000.00, 40000.00, 0.00, 'Khớp số ca part-time sáng.'),

-- Ngày 20/04/2026 (Thứ Hai)
('NV01103', '2026-04-20 05:51:50', '2026-04-20 14:06:40', 1500000.00, 1720000.00, 220000.00, 0.00, 'Khớp số.'),
('NV01105', '2026-04-20 06:09:33', '2026-04-20 13:58:30', 1800000.00, 2031000.00, 230000.00, 1000.00, 'Thừa quỹ 1,000 VNĐ.'),
('NV01102', '2026-04-20 14:00:50', '2026-04-20 21:55:01', 1700000.00, 2269000.00, 570000.00, -1000.00, 'Thiếu quỹ 1,000 VNĐ.'),
('NV01104', '2026-04-20 13:50:35', '2026-04-20 22:01:22', 1300000.00, 1825000.00, 525000.00, 0.00, 'Khớp số.'),

-- Ngày 21/04/2026 (Thứ Ba)
('NV01102', '2026-04-21 06:07:15', '2026-04-21 14:03:09', 1600000.00, 1755000.00, 155000.00, 0.00, 'Khớp số.'),
('NV01103', '2026-04-21 05:50:50', '2026-04-21 13:54:19', 1900000.00, 2025000.00, 125000.00, 0.00, 'Khớp số.'),
('NV01104', '2026-04-21 14:00:40', '2026-04-21 22:08:45', 1750000.00, 2151000.00, 400000.00, 1000.00, 'Thừa quỹ 1,000 VNĐ.'),
('NV01105', '2026-04-21 18:05:55', '2026-04-21 21:51:30', 1000000.00, 1050000.00, 50000.00, 0.00, 'Khớp số ca part-time.');

