USE StarGuardianDB;
GO

-- 1. Tài khoản
INSERT INTO TaiKhoan (tenTK, matKhau, trangThai) VALUES
(N'admin', N'hashed_643610180', 1),
(N'nv_binh', N'hashed_-860005230', 1),
(N'nv_chi', N'hashed_1603487247', 1),
(N'nv_dung', N'hashed_-769688471', 1),
(N'nv_duy', N'hashed_-1837957333', 1);
GO

-- 2. Ca làm
INSERT INTO CaLam (maCa, tenCa, gioBatDau, gioKetThuc) VALUES
('CA-01', N'Ca Sáng', '06:00:00', '14:00:00'),
('CA-02', N'Ca Tối', '14:00:00', '22:00:00'),
('CA-03', N'Ca Part-time Tối', '18:00:00', '22:00:00'),
('CA-04', N'Ca Part-time Sáng', '06:00:00', '10:00:00');
GO

-- 3. Bàn
INSERT INTO Ban (maBan, tenBan, soGhe, trangThai, gioMoBan, khuVuc) VALUES
(N'BAN01', N'Bàn 1', 4, N'Trống', NULL, N'Tầng trệt'),
(N'BAN02', N'Bàn 2', 4, N'Trống', NULL, N'Tầng trệt'),
(N'BAN03', N'Bàn 3', 2, N'Trống', NULL, N'Tầng trệt'),
(N'BAN04', N'Bàn 4', 2, N'Trống', NULL, N'Tầng trệt'),
(N'BAN05', N'Bàn 5', 6, N'Trống', NULL, N'Tầng 1'),
(N'BAN06', N'Bàn 6', 6, N'Trống', NULL, N'Tầng 1'),
(N'BAN07', N'Bàn 7', 4, N'Trống', NULL, N'Tầng 1'),
(N'BAN08', N'Bàn 8', 4, N'Trống', NULL, N'Tầng 1'),
(N'BAN09', N'Bàn 9', 8, N'Trống', NULL, N'Tầng 1'),
(N'BAN10', N'Bàn 10', 2, N'Trống', NULL, N'Tầng trệt');
GO

-- 4. Nhân viên
INSERT INTO NhanVien (maNV, hoTen, ngaySinh, gioiTinh, sdt, diaChi, ngayVaoLam, luong, tenTK, vaiTro,email) VALUES
(N'NV02101', N'Nguyễn Văn An', '1990-01-15', N'Nam', '0988888888', N'1 Nguyễn Huệ, Q1', '2023-01-01', 15000000.00, N'admin', N'QUANLY', N'an.nguyen@starguardian.com'),
(N'NV01102', N'Trần Thị Bình', '1998-04-20', N'Nữ', '0977777777', N'2 Võ Thị Sáu, Q3', '2023-03-15', 7500000.00, N'nv_binh', N'NHANVIEN', N'binh.tran@starguardian.com'),
(N'NV01103', N'Lê Văn Chí', '2000-07-10', N'Nam', '0966666666', N'3 Trần Hưng Đạo, Q5', '2023-03-15', 7000000.00, N'nv_chi', N'NHANVIEN', N'chi.le@starguardian.com'),
(N'NV01104', N'Phạm Thị Dung', '1995-11-05', N'Nữ', '0955555555', N'4 Lê Lai, Q1', '2023-06-01', 8000000.00, N'nv_dung', N'NHANVIEN', N'dung.pham@starguardian.com'),
(N'NV01105', N'Hoàng Văn Duy', '1999-02-25', N'Nam', '0944444444', N'5 Pasteur, Q3', '2024-01-10', 6500000.00, N'nv_duy', N'NHANVIEN', N'duy.hoang@starguardian.com');
GO


INSERT INTO DanhMucMon (maDM, tenDM, moTa, maNV) VALUES
('DM0001', N'Món Âu & Á', N'Các món Steak, Mỳ Ý và món Á cách tân', 'NV02101'),
('DM0002', N'Bar & Coffee', N'Các loại trà, cà phê máy và mocktail', 'NV02101'),
('DM0003', N'Hầm Rượu Vang', N'Bộ sưu tập rượu vang thượng hạng', 'NV02101');
GO

INSERT INTO MonAn (maMonAn, tenMon, moTa, donGia, donViTinh, trangThai, hinhAnh, maDM) VALUES
('MA101', N'Súp Bí Đỏ Kem Tươi', N'Súp bí đỏ nghiền mịn nấu cùng kem tươi béo ngậy', 50000.00, N'Dĩa', N'Còn', 'supBiDo.jpg', 'DM0001'),
('MA103', N'Nước Khoáng Tinh Khiết', N'Nước khoáng thiên nhiên phục vụ kèm đá', 10000.00, N'Ly', N'Còn', 'water.jpg', 'DM0002'),
('MA104', N'Trà Lài Nóng', N'Trà lài hương thơm nhẹ nhàng (Refill)', 3000.00, N'Tách', N'Còn', 'traLai.jpg', 'DM0002'),
('MA105', N'Cabernet Sauvignon (Chile)', N'Vang đỏ Chile, hương trái cây đậm đà, 750ml', 350000.00, N'Chai', N'Còn', 'vangChile.jpg', 'DM0003'),
('MA106', N'Mỳ Ý Hải Sản Sốt Cà', N'Spaghetti với tôm, mực và sốt cà chua húng quế', 100000.00, N'Dĩa', N'Còn', 'spaghetti.jpg', 'DM0001'),
('MA107', N'Bánh Mì Bơ Tỏi', N'Bánh mì nướng giòn sốt bơ tỏi và lá thơm', 49000.00, N'Phần', N'Còn', 'garlicBread.jpg', 'DM0001'),
('MA108', N'Salad Caesar Ức Gà', N'Rau Roman, ức gà nướng, phô mai Parmesan', 60000.00, N'Dĩa', N'Còn', 'saladCaesar.jpg', 'DM0001'),
('MA119', N'Burger Bò Phô Mai', N'Bò nướng lửa hồng, phô mai Cheddar tan chảy', 55000.00, N'Cái', N'Còn', 'burger.jpg', 'DM0001'),
('MA110', N'Cơm Chiên Hoàng Kim', N'Cơm chiên hải sản màu vàng nghệ thuật', 65000.00, N'Dĩa', N'Còn', 'comChien.jpg', 'DM0001'),
('MA111', N'Thăn Bò Úc Sốt Tiêu', N'Bò Úc cắt quân cờ, khoai tây và sốt tiêu đen', 120000.00, N'Dĩa', N'Còn', 'beefsteak.jpg', 'DM0001'),
('MA112', N'Khoai Tây Chiên Bơ', N'Khoai tây chiên giòn lắc bơ đường', 35000.00, N'Dĩa', N'Còn', 'frenchFries.jpg', 'DM0001'),
('MA113', N'Sườn Nướng BBQ Tảng', N'Sườn heo nướng sốt BBQ (Phần 2-3 người)', 250000.00, N'Khay', N'Còn', 'bbqRibs.jpg', 'DM0001'),
('MA114', N'Nấm Xào Bơ Tỏi', N'Nấm tươi xào bơ tỏi thơm lừng', 45000.00, N'Dĩa', N'Còn', 'namXao.jpg', 'DM0001'),
('MA115', N'Espresso', N'Cà phê máy đậm đà phong cách Ý', 25000.00, N'Tách', N'Còn', 'espresso.jpg', 'DM0002'),
('MA116', N'Trà Đào Cam Sả', N'Trà đào miếng tươi kết hợp cam vàng và sả', 35000.00, N'Ly', N'Còn', 'traDao.jpg', 'DM0002'),
('MA117', N'Soda Blue Ocean', N'Soda xanh mát lạnh vị vỏ cam Curacao', 30000.00, N'Ly', N'Còn', 'sodaBlue.jpg', 'DM0002'),
('MA118', N'Sauvignon Blanc (Pháp)', N'Vang trắng Pháp, hương hoa cỏ, 750ml', 380000.00, N'Chai', N'Còn', 'vangPhap.jpg', 'DM0003');
GO

-- 7. Khuyến mãi
INSERT INTO KhuyenMai (maKM, tenKM, moTa, ngayBatDau, ngayKetThuc, loaiGiam, giaTriGiam, trangThai, dieuKienApDung) VALUES
(N'KMHE2025', N'Chào hè 2025', N'Giảm 15% tổng hóa đơn', '2025-06-01', '2025-12-31', N'Giảm theo phần trăm', 15.00, N'Đang áp dụng', 200000),
(N'GIAM20K', N'Giảm 20.000đ', N'Giảm 20.000đ cho hóa đơn từ 100.000đ', '2025-10-01', '2026-01-31', N'Giảm giá số tiền', 20000.00, N'Đang áp dụng', 100000),
(N'SINHNHAT', N'Chúc mừng sinh nhật', N'Giảm 30% cho khách hàng thành viên', '2025-01-01', '2026-12-31', N'Giảm theo phần trăm', 30.00, N'Đang áp dụng', 0);
GO
USE StarGuardianDB;
GO

INSERT INTO KhachHang (maKH, tenKH, gioiTinh, sdt, hangThanhVien, tongChiTieu, ngaySinh, diaChi, ngayThamGia, email) VALUES
(N'KH20251025002', N'Trần Văn Bảo', N'Nam', '0912345678', N'MEMBER', 0.00, '1995-05-15', N'123 Lê Lợi, Q1', '2025-02-10', N'bao.tran@email.com'),
(N'KH20251025003', N'Nguyễn Thị Lan', N'Nữ', '0987654321', N'SILVER', 0.00, '1992-11-30', N'456 Hai Bà Trưng, Q3', '2025-03-11', N'lan.nguyen@email.com'),
(N'KH20251025004', N'Lê Minh Hùng', N'Nam', '0933445566', N'DIAMOND', 0.00, '1988-02-10', N'789 Nguyễn Trãi, Q5', '2025-04-12', N'hung.le@email.com'),
(N'KH20251025005', N'Phạm Hoàng Yến', N'Nữ', '0977889900', N'BRONZE', 0.00, '2000-07-22', N'321 CMT8, Q10', '2025-05-15', N'yen.pham@email.com'),
(N'KH20251025006', N'Võ Thành Trung', N'Nam', '0905112233', N'GOLD', 0.00, '1990-01-20', N'Bình Dương', '2025-06-20', N'trung.vo@email.com'),
(N'KH20251025007', N'Đặng Minh Tuấn', N'Nam', '0901234567', N'NONE', 0.00, '1998-03-12', N'15 Điện Biên Phủ, Q.Bình Thạnh', '2025-10-20', N'tuan.dang@email.com'),
(N'KH20251025008', N'Bùi Thị Hương', N'Nữ', '0902345678', N'NONE', 0.00, '2001-08-25', N'22 Cách Mạng Tháng 8, Q.3', '2025-10-22', N'huong.bui@email.com'),
(N'KH20251025009', N'Trương Văn Đức', N'Nam', '0903456789', N'MEMBER', 0.00, '1993-06-18', N'45 Lý Thường Kiệt, Q.Tân Bình', '2025-07-05', N'duc.truong@email.com'),
(N'KH20251025010', N'Ngô Thị Mai', N'Nữ', '0904567890', N'MEMBER', 0.00, '1996-12-08', N'78 Nguyễn Thị Minh Khai, Q.1', '2025-07-15', N'mai.ngo@email.com'),
(N'KH20251025011', N'Phan Minh Khôi', N'Nam', '0905678901', N'MEMBER', 0.00, '1999-04-30', N'12 Phan Xích Long, Q.Phú Nhuận', '2025-08-01', N'khoi.phan@email.com'),
(N'KH20251025012', N'Hoàng Thị Thảo', N'Nữ', '0906789012', N'BRONZE', 0.00, '1994-09-14', N'56 Hoàng Văn Thụ, Q.Tân Bình', '2025-05-20', N'thao.hoang@email.com'),
(N'KH20251025013', N'Vũ Quang Huy', N'Nam', '0907890123', N'BRONZE', 0.00, '1997-02-27', N'89 Trường Chinh, Q.12', '2025-06-10', N'huy.vu@email.com'),
(N'KH20251025014', N'Đinh Thị Nga', N'Nữ', '0908901234', N'BRONZE', 0.00, '1991-11-03', N'34 Xô Viết Nghệ Tĩnh, Q.Bình Thạnh', '2025-06-25', N'nga.dinh@email.com'),
(N'KH20251025015', N'Lý Văn Phong', N'Nam', '0909012345', N'SILVER', 0.00, '1989-07-19', N'67 Đinh Tiên Hoàng, Q.1', '2025-04-05', N'phong.ly@email.com'),
(N'KH20251025016', N'Trịnh Thị Kim', N'Nữ', '0910123456', N'SILVER', 0.00, '1993-05-22', N'90 Nguyễn Đình Chiểu, Q.3', '2025-04-18', N'kim.trinh@email.com'),
(N'KH20251025017', N'Đỗ Minh Tâm', N'Nam', '0911234567', N'SILVER', 0.00, '1996-10-11', N'23 Lê Văn Sỹ, Q.3', '2025-05-02', N'tam.do@email.com'),
(N'KH20251025018', N'Chu Thị Hà', N'Nữ', '0912345679', N'GOLD', 0.00, '1990-03-08', N'45 Nam Kỳ Khởi Nghĩa, Q.1', '2025-03-15', N'ha.chu@email.com'),
(N'KH20251025019', N'Mai Văn Long', N'Nam', '0913456780', N'GOLD', 0.00, '1987-12-25', N'78 Phan Đăng Lưu, Q.Phú Nhuận', '2025-03-28', N'long.mai@email.com'),
(N'KH20251025020', N'Lâm Thị Phượng', N'Nữ', '0914567891', N'DIAMOND', 0.00, '1985-08-15', N'12 Tôn Đức Thắng, Q.1', '2025-02-05', N'phuong.lam@email.com'),
(N'KH20251025021', N'Nguyễn Văn Hùng', N'Nam', '0911111111', N'NONE', 0.00, '1985-03-15', N'123 Nguyễn Văn Linh, Q7', '2025-10-01', N'hung.nguyen@email.com'),
(N'KH20251025022', N'Trần Thị Mai', N'Nữ', '0912222222', N'NONE', 0.00, '1990-07-20', N'456 Lê Văn Việt, Q9', '2025-10-02', N'mai.tran@email.com'),
(N'KH20251025023', N'Lê Văn Nam', N'Nam', '0913333333', N'MEMBER', 0.00, '1992-05-10', N'789 Nguyễn Hữu Thọ, Q7', '2025-09-15', N'nam.le@email.com'),
(N'KH20251025024', N'Phạm Thị Lan', N'Nữ', '0914444444', N'MEMBER', 0.00, '1995-11-25', N'321 Huỳnh Tấn Phát, Q7', '2025-09-20', N'lan.pham@email.com'),
(N'KH20251025025', N'Hoàng Văn Tuấn', N'Nam', '0915555555', N'BRONZE', 0.00, '1988-08-12', N'654 Nguyễn Văn Linh, Q7', '2025-08-10', N'tuan.hoang@email.com'),
(N'KH20251025026', N'Vũ Thị Hương', N'Nữ', '0916666666', N'BRONZE', 0.00, '1993-02-18', N'987 Nguyễn Thị Thập, Q7', '2025-08-15', N'huong.vu@email.com'),
(N'KH20251025027', N'Đặng Văn Bình', N'Nam', '0917777777', N'SILVER', 0.00, '1986-12-05', N'147 Nguyễn Văn Quỳ, Q7', '2025-07-01', N'binh.dang@email.com'),
(N'KH20251025028', N'Bùi Thị Ngọc', N'Nữ', '0918888888', N'SILVER', 0.00, '1991-04-30', N'258 Nguyễn Văn Linh, Q7', '2025-07-05', N'ngoc.bui@email.com'),
(N'KH20251025029', N'Đỗ Văn Long', N'Nam', '0919999999', N'GOLD', 0.00, '1984-09-22', N'369 Nguyễn Hữu Thọ, Q7', '2025-06-01', N'long.do@email.com'),
(N'KH20251025030', N'Lý Thị Thu', N'Nữ', '0920000000', N'GOLD', 0.00, '1989-01-14', N'472 Lê Văn Việt, Q9', '2025-06-05', N'thu.ly@email.com');
GO

INSERT INTO PhanCongCa (maNV, maCa, ngayLam) VALUES
(N'NV01102', N'CA-01', '2025-11-01'),
(N'NV01103', N'CA-01', '2025-11-01'),
(N'NV01104', N'CA-02', '2025-11-01'),
(N'NV01105', N'CA-03', '2025-11-01'),
(N'NV01102', N'CA-01', '2025-11-02'),
(N'NV01104', N'CA-01', '2025-11-02'),
(N'NV01103', N'CA-02', '2025-11-02'),
(N'NV01105', N'CA-04', '2025-11-02'),
(N'NV01103', N'CA-01', '2025-11-03'),
(N'NV01105', N'CA-01', '2025-11-03'),
(N'NV01102', N'CA-02', '2025-11-03'),
(N'NV01104', N'CA-02', '2025-11-03'),
(N'NV01102', N'CA-01', '2025-11-04'),
(N'NV01103', N'CA-01', '2025-11-04'),
(N'NV01104', N'CA-02', '2025-11-04'),
(N'NV01105', N'CA-03', '2025-11-04'),
(N'NV01102', N'CA-01', '2025-11-05'),
(N'NV01104', N'CA-01', '2025-11-05'),
(N'NV01103', N'CA-02', '2025-11-05'),
(N'NV02101', N'CA-02', '2025-11-05'),
(N'NV01103', N'CA-01', '2025-11-06'),
(N'NV01105', N'CA-01', '2025-11-06'),
(N'NV01102', N'CA-02', '2025-11-06'),
(N'NV01104', N'CA-02', '2025-11-06'),
(N'NV01102', N'CA-01', '2025-11-07'),
(N'NV01103', N'CA-01', '2025-11-07'),
(N'NV01104', N'CA-02', '2025-11-07'),
(N'NV01105', N'CA-03', '2025-11-07'),
(N'NV01102', N'CA-01', '2025-11-08'),
(N'NV01104', N'CA-01', '2025-11-08'),
(N'NV01103', N'CA-02', '2025-11-08'),
(N'NV01105', N'CA-04', '2025-11-08'),
(N'NV01103', N'CA-01', '2025-11-09'),
(N'NV01105', N'CA-01', '2025-11-09'),
(N'NV01102', N'CA-02', '2025-11-09'),
(N'NV01104', N'CA-02', '2025-11-09'),
(N'NV01102', N'CA-01', '2025-11-10'),
(N'NV01103', N'CA-01', '2025-11-10'),
(N'NV01104', N'CA-02', '2025-11-10'),
(N'NV01105', N'CA-03', '2025-11-10'),
(N'NV01102', N'CA-01', '2025-11-11'),
(N'NV01104', N'CA-01', '2025-11-11'),
(N'NV01103', N'CA-02', '2025-11-11'),
(N'NV02101', N'CA-02', '2025-11-11'),
(N'NV01103', N'CA-01', '2025-11-12'),
(N'NV01105', N'CA-01', '2025-11-12'),
(N'NV01102', N'CA-02', '2025-11-12'),
(N'NV01104', N'CA-02', '2025-11-12'),
(N'NV01102', N'CA-01', '2025-11-13'),
(N'NV01103', N'CA-01', '2025-11-13'),
(N'NV01104', N'CA-02', '2025-11-13'),
(N'NV01105', N'CA-03', '2025-11-13'),
(N'NV01102', N'CA-01', '2025-11-14'),
(N'NV01104', N'CA-01', '2025-11-14'),
(N'NV01103', N'CA-02', '2025-11-14'),
(N'NV01105', N'CA-04', '2025-11-14'),
(N'NV01103', N'CA-01', '2025-11-15'),
(N'NV01105', N'CA-01', '2025-11-15'),
(N'NV01102', N'CA-02', '2025-11-15'),
(N'NV01104', N'CA-02', '2025-11-15'),
(N'NV01102', N'CA-01', '2025-11-16'),
(N'NV01103', N'CA-01', '2025-11-16'),
(N'NV01104', N'CA-02', '2025-11-16'),
(N'NV01105', N'CA-03', '2025-11-16'),
(N'NV01102', N'CA-01', '2025-11-17'),
(N'NV01104', N'CA-01', '2025-11-17'),
(N'NV01103', N'CA-02', '2025-11-17'),
(N'NV02101', N'CA-02', '2025-11-17'),
(N'NV01103', N'CA-01', '2025-11-18'),
(N'NV01105', N'CA-01', '2025-11-18'),
(N'NV01102', N'CA-02', '2025-11-18'),
(N'NV01104', N'CA-02', '2025-11-18'),
(N'NV01102', N'CA-01', '2025-11-19'),
(N'NV01103', N'CA-01', '2025-11-19'),
(N'NV01104', N'CA-02', '2025-11-19'),
(N'NV01105', N'CA-03', '2025-11-19'),
(N'NV01102', N'CA-01', '2025-11-20'),
(N'NV01104', N'CA-01', '2025-11-20'),
(N'NV01103', N'CA-02', '2025-11-20'),
(N'NV01105', N'CA-04', '2025-11-20'),
(N'NV01103', N'CA-01', '2025-11-21'),
(N'NV01105', N'CA-01', '2025-11-21'),
(N'NV01102', N'CA-02', '2025-11-21'),
(N'NV01104', N'CA-02', '2025-11-21'),
(N'NV01102', N'CA-01', '2025-11-22'),
(N'NV01103', N'CA-01', '2025-11-22'),
(N'NV01104', N'CA-02', '2025-11-22'),
(N'NV01105', N'CA-03', '2025-11-22'),
(N'NV01102', N'CA-01', '2025-11-23'),
(N'NV01104', N'CA-01', '2025-11-23'),
(N'NV01103', N'CA-02', '2025-11-23'),
(N'NV02101', N'CA-02', '2025-11-23'),
(N'NV01103', N'CA-01', '2025-11-24'),
(N'NV01105', N'CA-01', '2025-11-24'),
(N'NV01102', N'CA-02', '2025-11-24'),
(N'NV01104', N'CA-02', '2025-11-24'),
(N'NV01102', N'CA-01', '2025-11-25'),
(N'NV01103', N'CA-01', '2025-11-25'),
(N'NV01104', N'CA-02', '2025-11-25'),
(N'NV01105', N'CA-03', '2025-11-25'),
(N'NV01102', N'CA-01', '2025-11-26'),
(N'NV01104', N'CA-01', '2025-11-26'),
(N'NV01103', N'CA-02', '2025-11-26'),
(N'NV01105', N'CA-04', '2025-11-26'),
(N'NV01103', N'CA-01', '2025-11-27'),
(N'NV01105', N'CA-01', '2025-11-27'),
(N'NV01102', N'CA-02', '2025-11-27'),
(N'NV01104', N'CA-02', '2025-11-27'),
(N'NV01102', N'CA-01', '2025-11-28'),
(N'NV01103', N'CA-01', '2025-11-28'),
(N'NV01104', N'CA-02', '2025-11-28'),
(N'NV01105', N'CA-03', '2025-11-28'),
(N'NV01102', N'CA-01', '2025-11-29'),
(N'NV01104', N'CA-01', '2025-11-29'),
(N'NV01103', N'CA-02', '2025-11-29'),
(N'NV02101', N'CA-02', '2025-11-29'),
(N'NV01103', N'CA-01', '2025-11-30'),
(N'NV01105', N'CA-01', '2025-11-30'),
(N'NV01102', N'CA-02', '2025-11-30'),
(N'NV01104', N'CA-02', '2025-11-30');
GO

INSERT INTO PhanCongCa (maNV, maCa, ngayLam) VALUES
(N'NV01102', N'CA-01', '2025-12-01'),
(N'NV01103', N'CA-01', '2025-12-01'),
(N'NV01104', N'CA-02', '2025-12-01'),
(N'NV01105', N'CA-03', '2025-12-01'),
(N'NV01102', N'CA-01', '2025-12-02'),
(N'NV01104', N'CA-01', '2025-12-02'),
(N'NV01103', N'CA-02', '2025-12-02'),
(N'NV01105', N'CA-04', '2025-12-02'),
(N'NV01103', N'CA-01', '2025-12-03'),
(N'NV01105', N'CA-01', '2025-12-03'),
(N'NV01102', N'CA-02', '2025-12-03'),
(N'NV01104', N'CA-02', '2025-12-03'),
(N'NV01102', N'CA-01', '2025-12-04'),
(N'NV01103', N'CA-01', '2025-12-04'),
(N'NV01104', N'CA-02', '2025-12-04'),
(N'NV01105', N'CA-03', '2025-12-04'),
(N'NV01102', N'CA-01', '2025-12-05'),
(N'NV01104', N'CA-01', '2025-12-05'),
(N'NV01103', N'CA-02', '2025-12-05'),
(N'NV02101', N'CA-02', '2025-12-05'),
(N'NV01103', N'CA-01', '2025-12-06'),
(N'NV01105', N'CA-01', '2025-12-06'),
(N'NV01102', N'CA-02', '2025-12-06'),
(N'NV01104', N'CA-02', '2025-12-06'),
(N'NV01102', N'CA-01', '2025-12-07'),
(N'NV01103', N'CA-01', '2025-12-07'),
(N'NV01104', N'CA-02', '2025-12-07'),
(N'NV01105', N'CA-03', '2025-12-07'),
(N'NV01102', N'CA-01', '2025-12-08'),
(N'NV01104', N'CA-01', '2025-12-08'),
(N'NV01103', N'CA-02', '2025-12-08'),
(N'NV01105', N'CA-04', '2025-12-08'),
(N'NV01103', N'CA-01', '2025-12-09'),
(N'NV01105', N'CA-01', '2025-12-09'),
(N'NV01102', N'CA-02', '2025-12-09'),
(N'NV01104', N'CA-02', '2025-12-09'),
(N'NV01102', N'CA-01', '2025-12-10'),
(N'NV01103', N'CA-01', '2025-12-10'),
(N'NV01104', N'CA-02', '2025-12-10'),
(N'NV01105', N'CA-03', '2025-12-10'),
(N'NV01102', N'CA-01', '2025-12-11'),
(N'NV01104', N'CA-01', '2025-12-11'),
(N'NV01103', N'CA-02', '2025-12-11'),
(N'NV02101', N'CA-02', '2025-12-11'),
(N'NV01103', N'CA-01', '2025-12-12'),
(N'NV01105', N'CA-01', '2025-12-12'),
(N'NV01102', N'CA-02', '2025-12-12'),
(N'NV01104', N'CA-02', '2025-12-12'),
(N'NV01102', N'CA-01', '2025-12-13'),
(N'NV01103', N'CA-01', '2025-12-13'),
(N'NV01104', N'CA-02', '2025-12-13'),
(N'NV01105', N'CA-03', '2025-12-13'),
(N'NV01102', N'CA-01', '2025-12-14'),
(N'NV01104', N'CA-01', '2025-12-14'),
(N'NV01103', N'CA-02', '2025-12-14'),
(N'NV01105', N'CA-04', '2025-12-14'),
(N'NV01103', N'CA-01', '2025-12-15'),
(N'NV01105', N'CA-01', '2025-12-15'),
(N'NV01102', N'CA-02', '2025-12-15'),
(N'NV01104', N'CA-02', '2025-12-15'),
(N'NV01102', N'CA-01', '2025-12-16'),
(N'NV01103', N'CA-01', '2025-12-16'),
(N'NV01104', N'CA-02', '2025-12-16'),
(N'NV01105', N'CA-03', '2025-12-16'),
(N'NV01102', N'CA-01', '2025-12-17'),
(N'NV01104', N'CA-01', '2025-12-17'),
(N'NV01103', N'CA-02', '2025-12-17'),
(N'NV02101', N'CA-02', '2025-12-17'),
(N'NV01103', N'CA-01', '2025-12-18'),
(N'NV01105', N'CA-01', '2025-12-18'),
(N'NV01102', N'CA-02', '2025-12-18'),
(N'NV01104', N'CA-02', '2025-12-18'),
(N'NV01102', N'CA-01', '2025-12-19'),
(N'NV01103', N'CA-01', '2025-12-19'),
(N'NV01104', N'CA-02', '2025-12-19'),
(N'NV01105', N'CA-03', '2025-12-19'),
(N'NV01102', N'CA-01', '2025-12-20'),
(N'NV01104', N'CA-01', '2025-12-20'),
(N'NV01103', N'CA-02', '2025-12-20'),
(N'NV01105', N'CA-04', '2025-12-20'),
(N'NV01103', N'CA-01', '2025-12-21'),
(N'NV01105', N'CA-01', '2025-12-21'),
(N'NV01102', N'CA-02', '2025-12-21'),
(N'NV01104', N'CA-02', '2025-12-21'),
(N'NV01102', N'CA-01', '2025-12-22'),
(N'NV01103', N'CA-01', '2025-12-22'),
(N'NV01104', N'CA-02', '2025-12-22'),
(N'NV01105', N'CA-03', '2025-12-22'),
(N'NV01102', N'CA-01', '2025-12-23'),
(N'NV01104', N'CA-01', '2025-12-23'),
(N'NV01103', N'CA-02', '2025-12-23'),
(N'NV02101', N'CA-02', '2025-12-23'),
(N'NV01103', N'CA-01', '2025-12-24'),
(N'NV01105', N'CA-01', '2025-12-24'),
(N'NV01102', N'CA-02', '2025-12-24'),
(N'NV01104', N'CA-02', '2025-12-24'),
(N'NV01102', N'CA-01', '2025-12-25'),
(N'NV01103', N'CA-01', '2025-12-25'),
(N'NV01104', N'CA-02', '2025-12-25'),
(N'NV01105', N'CA-03', '2025-12-25'),
(N'NV01102', N'CA-01', '2025-12-26'),
(N'NV01104', N'CA-01', '2025-12-26'),
(N'NV01103', N'CA-02', '2025-12-26'),
(N'NV01105', N'CA-04', '2025-12-26'),
(N'NV01103', N'CA-01', '2025-12-27'),
(N'NV01105', N'CA-01', '2025-12-27'),
(N'NV01102', N'CA-02', '2025-12-27'),
(N'NV01104', N'CA-02', '2025-12-27'),
(N'NV01102', N'CA-01', '2025-12-28'),
(N'NV01103', N'CA-01', '2025-12-28'),
(N'NV01104', N'CA-02', '2025-12-28'),
(N'NV01105', N'CA-03', '2025-12-28'),
(N'NV01102', N'CA-01', '2025-12-29'),
(N'NV01104', N'CA-01', '2025-12-29'),
(N'NV01103', N'CA-02', '2025-12-29'),
(N'NV02101', N'CA-02', '2025-12-29'),
(N'NV01103', N'CA-01', '2025-12-30'),
(N'NV01105', N'CA-01', '2025-12-30'),
(N'NV01102', N'CA-02', '2025-12-30'),
(N'NV01104', N'CA-02', '2025-12-30'),
(N'NV01102', N'CA-01', '2025-12-31'),
(N'NV01103', N'CA-01', '2025-12-31'),
(N'NV01104', N'CA-02', '2025-12-31'),
(N'NV01105', N'CA-03', '2025-12-31');
GO

INSERT INTO PhanCongCa (maNV, maCa, ngayLam) VALUES
(N'NV01102', N'CA-01', '2026-01-01'),
(N'NV01103', N'CA-01', '2026-01-01'),
(N'NV01104', N'CA-02', '2026-01-01'),
(N'NV01105', N'CA-03', '2026-01-01');
GO

INSERT INTO DonDatMon (maDon, ngayKhoiTao, thoiGianDen, trangThai, maNV, maKH, maBan) VALUES
(N'DON1101', '2025-11-01 12:00:00', '2025-11-01 12:00:00', N'Đã thanh toán', N'NV01102', N'KH20251025002', N'BAN01'),
(N'DON1102', '2025-11-01 13:30:00', '2025-11-01 13:30:00', N'Đã thanh toán', N'NV01103', N'KH20251025003', N'BAN02'),
(N'DON1103', '2025-11-01 19:00:00', '2025-11-01 19:00:00', N'Đã thanh toán', N'NV01104', N'KH20251025015', N'BAN03'),
(N'DON1104', '2025-11-01 20:00:00', '2025-11-01 20:00:00', N'Đã thanh toán', N'NV01104', N'KH20251025018', N'BAN04'),
(N'DON1105', '2025-11-02 12:15:00', '2025-11-02 12:15:00', N'Đã thanh toán', N'NV01102', N'KH20251025004', N'BAN05'),
(N'DON1106', '2025-11-02 13:00:00', '2025-11-02 13:00:00', N'Đã thanh toán', N'NV01104', N'KH20251025016', N'BAN01'),
(N'DON1107', '2025-11-02 18:30:00', '2025-11-02 18:30:00', N'Đã thanh toán', N'NV01103', N'KH20251025019', N'BAN02'),
(N'DON1108', '2025-11-02 20:30:00', '2025-11-02 20:30:00', N'Đã thanh toán', N'NV01103', N'KH20251025005', N'BAN03'),
(N'DON1109', '2025-11-03 12:30:00', '2025-11-03 12:30:00', N'Đã thanh toán', N'NV01103', N'KH20251025006', N'BAN04'),
(N'DON1110', '2025-11-03 13:45:00', '2025-11-03 13:45:00', N'Đã thanh toán', N'NV01105', N'KH20251025009', N'BAN05'),
(N'DON1111', '2025-11-03 19:15:00', '2025-11-03 19:15:00', N'Đã thanh toán', N'NV01102', N'KH20251025015', N'BAN01'),
(N'DON1112', '2025-11-03 20:45:00', '2025-11-03 20:45:00', N'Đã thanh toán', N'NV01104', N'KH20251025020', N'BAN02'),
(N'DON1113', '2025-11-04 12:00:00', '2025-11-04 12:00:00', N'Đã thanh toán', N'NV01102', N'KH20251025010', N'BAN03'),
(N'DON1114', '2025-11-04 13:30:00', '2025-11-04 13:30:00', N'Đã thanh toán', N'NV01103', N'KH20251025016', N'BAN04'),
(N'DON1115', '2025-11-04 18:45:00', '2025-11-04 18:45:00', N'Đã thanh toán', N'NV01104', N'KH20251025018', N'BAN05'),
(N'DON1116', '2025-11-04 20:15:00', '2025-11-04 20:15:00', N'Đã thanh toán', N'NV01105', N'KH20251025011', N'BAN01'),
(N'DON1117', '2025-11-05 12:30:00', '2025-11-05 12:30:00', N'Đã thanh toán', N'NV01102', N'KH20251025007', N'BAN02'),
(N'DON1118', '2025-11-05 14:00:00', '2025-11-05 14:00:00', N'Đã thanh toán', N'NV01104', N'KH20251025015', N'BAN03'),
(N'DON1119', '2025-11-05 19:00:00', '2025-11-05 19:00:00', N'Đã thanh toán', N'NV01103', N'KH20251025019', N'BAN04'),
(N'DON1120', '2025-11-05 20:30:00', '2025-11-05 20:30:00', N'Đã thanh toán', N'NV02101', N'KH20251025002', N'BAN05'),
(N'DON1121', '2025-11-06 12:15:00', '2025-11-06 12:15:00', N'Đã thanh toán', N'NV01103', N'KH20251025012', N'BAN01'),
(N'DON1122', '2025-11-06 13:15:00', '2025-11-06 13:15:00', N'Đã thanh toán', N'NV01105', N'KH20251025016', N'BAN02'),
(N'DON1123', '2025-11-06 18:30:00', '2025-11-06 18:30:00', N'Đã thanh toán', N'NV01102', N'KH20251025018', N'BAN03'),
(N'DON1124', '2025-11-06 20:00:00', '2025-11-06 20:00:00', N'Đã thanh toán', N'NV01104', N'KH20251025013', N'BAN04'),
(N'DON1125', '2025-11-07 12:00:00', '2025-11-07 12:00:00', N'Đã thanh toán', N'NV01102', N'KH20251025008', N'BAN05'),
(N'DON1126', '2025-11-07 13:00:00', '2025-11-07 13:00:00', N'Đã thanh toán', N'NV01103', N'KH20251025015', N'BAN01'),
(N'DON1127', '2025-11-07 18:30:00', '2025-11-07 18:30:00', N'Đã thanh toán', N'NV01104', N'KH20251025019', N'BAN02'),
(N'DON1128', '2025-11-07 20:15:00', '2025-11-07 20:15:00', N'Đã thanh toán', N'NV01105', N'KH20251025014', N'BAN03'),
(N'DON1129', '2025-11-08 12:30:00', '2025-11-08 12:30:00', N'Đã thanh toán', N'NV01102', N'KH20251025023', N'BAN04'),
(N'DON1130', '2025-11-08 13:45:00', '2025-11-08 13:45:00', N'Đã thanh toán', N'NV01104', N'KH20251025016', N'BAN05'),
(N'DON1131', '2025-11-08 19:00:00', '2025-11-08 19:00:00', N'Đã thanh toán', N'NV01103', N'KH20251025018', N'BAN01'),
(N'DON1132', '2025-11-08 20:30:00', '2025-11-08 20:30:00', N'Đã thanh toán', N'NV01105', N'KH20251025024', N'BAN02'),
(N'DON1133', '2025-11-09 12:15:00', '2025-11-09 12:15:00', N'Đã thanh toán', N'NV01103', N'KH20251025025', N'BAN03'),
(N'DON1134', '2025-11-09 13:15:00', '2025-11-09 13:15:00', N'Đã thanh toán', N'NV01105', N'KH20251025015', N'BAN04'),
(N'DON1135', '2025-11-09 18:30:00', '2025-11-09 18:30:00', N'Đã thanh toán', N'NV01102', N'KH20251025019', N'BAN05'),
(N'DON1136', '2025-11-09 20:00:00', '2025-11-09 20:00:00', N'Đã thanh toán', N'NV01104', N'KH20251025026', N'BAN01'),
(N'DON1137', '2025-11-10 12:30:00', '2025-11-10 12:30:00', N'Đã thanh toán', N'NV01102', N'KH20251025027', N'BAN02'),
(N'DON1138', '2025-11-10 13:30:00', '2025-11-10 13:30:00', N'Đã thanh toán', N'NV01103', N'KH20251025016', N'BAN03'),
(N'DON1139', '2025-11-10 19:00:00', '2025-11-10 19:00:00', N'Đã thanh toán', N'NV01104', N'KH20251025018', N'BAN04'),
(N'DON1140', '2025-11-10 20:30:00', '2025-11-10 20:30:00', N'Đã thanh toán', N'NV01105', N'KH20251025028', N'BAN05'),
(N'DON1141', '2025-11-11 12:00:00', '2025-11-11 12:00:00', N'Đã thanh toán', N'NV01102', N'KH20251025029', N'BAN01'),
(N'DON1142', '2025-11-11 13:00:00', '2025-11-11 13:00:00', N'Đã thanh toán', N'NV01104', N'KH20251025015', N'BAN02'),
(N'DON1143', '2025-11-11 18:30:00', '2025-11-11 18:30:00', N'Đã thanh toán', N'NV01103', N'KH20251025019', N'BAN03'),
(N'DON1144', '2025-11-11 20:15:00', '2025-11-11 20:15:00', N'Đã thanh toán', N'NV02101', N'KH20251025030', N'BAN04'),
(N'DON1145', '2025-11-12 12:30:00', '2025-11-12 12:30:00', N'Đã thanh toán', N'NV01103', N'KH20251025021', N'BAN05'),
(N'DON1146', '2025-11-12 13:30:00', '2025-11-12 13:30:00', N'Đã thanh toán', N'NV01105', N'KH20251025016', N'BAN01'),
(N'DON1147', '2025-11-12 19:00:00', '2025-11-12 19:00:00', N'Đã thanh toán', N'NV01102', N'KH20251025018', N'BAN02'),
(N'DON1148', '2025-11-12 20:30:00', '2025-11-12 20:30:00', N'Đã thanh toán', N'NV01104', N'KH20251025022', N'BAN03'),
(N'DON1149', '2025-11-13 12:15:00', '2025-11-13 12:15:00', N'Đã thanh toán', N'NV01102', N'KH20251025017', N'BAN04'),
(N'DON1150', '2025-11-13 13:15:00', '2025-11-13 13:15:00', N'Đã thanh toán', N'NV01103', N'KH20251025015', N'BAN05'),
(N'DON1151', '2025-11-13 18:30:00', '2025-11-13 18:30:00', N'Đã thanh toán', N'NV01104', N'KH20251025016', N'BAN01'),
(N'DON1152', '2025-11-13 19:45:00', '2025-11-13 19:45:00', N'Đã thanh toán', N'NV01105', N'KH20251025018', N'BAN02'),
(N'DON1153', '2025-11-14 12:15:00', '2025-11-14 12:15:00', N'Đã thanh toán', N'NV01102', N'KH20251025019', N'BAN03'),
(N'DON1154', '2025-11-14 13:30:00', '2025-11-14 13:30:00', N'Đã thanh toán', N'NV01104', N'KH20251025020', N'BAN04'),
(N'DON1155', '2025-11-14 18:45:00', '2025-11-14 18:45:00', N'Đã thanh toán', N'NV01103', N'KH20251025015', N'BAN05'),
(N'DON1156', '2025-11-14 20:00:00', '2025-11-14 20:00:00', N'Đã thanh toán', N'NV01105', N'KH20251025016', N'BAN01'),
(N'DON1157', '2025-11-15 12:30:00', '2025-11-15 12:30:00', N'Đã thanh toán', N'NV01103', N'KH20251025018', N'BAN02'),
(N'DON1158', '2025-11-15 13:45:00', '2025-11-15 13:45:00', N'Đã thanh toán', N'NV01105', N'KH20251025019', N'BAN03'),
(N'DON1159', '2025-11-15 19:00:00', '2025-11-15 19:00:00', N'Đã thanh toán', N'NV01102', N'KH20251025002', N'BAN04'),
(N'DON1160', '2025-11-15 20:15:00', '2025-11-15 20:15:00', N'Đã thanh toán', N'NV01104', N'KH20251025015', N'BAN05'),
(N'DON1161', '2025-11-16 12:00:00', '2025-11-16 12:00:00', N'Đã thanh toán', N'NV01102', N'KH20251025016', N'BAN01'),
(N'DON1162', '2025-11-16 13:15:00', '2025-11-16 13:15:00', N'Đã thanh toán', N'NV01103', N'KH20251025018', N'BAN02'),
(N'DON1163', '2025-11-16 18:30:00', '2025-11-16 18:30:00', N'Đã thanh toán', N'NV01104', N'KH20251025019', N'BAN03'),
(N'DON1164', '2025-11-16 20:00:00', '2025-11-16 20:00:00', N'Đã thanh toán', N'NV01105', N'KH20251025020', N'BAN04'),
(N'DON1165', '2025-11-17 12:30:00', '2025-11-17 12:30:00', N'Đã thanh toán', N'NV01102', N'KH20251025015', N'BAN05'),
(N'DON1166', '2025-11-17 13:30:00', '2025-11-17 13:30:00', N'Đã thanh toán', N'NV01104', N'KH20251025016', N'BAN01'),
(N'DON1167', '2025-11-17 19:00:00', '2025-11-17 19:00:00', N'Đã thanh toán', N'NV01103', N'KH20251025018', N'BAN02'),
(N'DON1168', '2025-11-17 20:30:00', '2025-11-17 20:30:00', N'Đã thanh toán', N'NV02101', N'KH20251025019', N'BAN03'),
(N'DON1169', '2025-11-18 12:15:00', '2025-11-18 12:15:00', N'Đã thanh toán', N'NV01103', N'KH20251025007', N'BAN04'),
(N'DON1170', '2025-11-18 13:15:00', '2025-11-18 13:15:00', N'Đã thanh toán', N'NV01105', N'KH20251025015', N'BAN05'),
(N'DON1171', '2025-11-18 18:30:00', '2025-11-18 18:30:00', N'Đã thanh toán', N'NV01102', N'KH20251025016', N'BAN01'),
(N'DON1172', '2025-11-18 20:00:00', '2025-11-18 20:00:00', N'Đã thanh toán', N'NV01104', N'KH20251025018', N'BAN02'),
(N'DON1173', '2025-11-19 12:30:00', '2025-11-19 12:30:00', N'Đã thanh toán', N'NV01102', N'KH20251025019', N'BAN03'),
(N'DON1174', '2025-11-19 13:45:00', '2025-11-19 13:45:00', N'Đã thanh toán', N'NV01103', N'KH20251025008', N'BAN04'),
(N'DON1175', '2025-11-19 19:00:00', '2025-11-19 19:00:00', N'Đã thanh toán', N'NV01104', N'KH20251025015', N'BAN05'),
(N'DON1176', '2025-11-19 20:15:00', '2025-11-19 20:15:00', N'Đã thanh toán', N'NV01105', N'KH20251025016', N'BAN01'),
(N'DON1177', '2025-11-20 12:00:00', '2025-11-20 12:00:00', N'Đã thanh toán', N'NV01102', N'KH20251025018', N'BAN02'),
(N'DON1178', '2025-11-20 13:15:00', '2025-11-20 13:15:00', N'Đã thanh toán', N'NV01104', N'KH20251025019', N'BAN03'),
(N'DON1179', '2025-11-20 18:30:00', '2025-11-20 18:30:00', N'Đã thanh toán', N'NV01103', N'KH20251025009', N'BAN04'),
(N'DON1180', '2025-11-20 20:00:00', '2025-11-20 20:00:00', N'Đã thanh toán', N'NV01105', N'KH20251025015', N'BAN05'),
(N'DON1181', '2025-11-21 12:30:00', '2025-11-21 12:30:00', N'Đã thanh toán', N'NV01103', N'KH20251025016', N'BAN01'),
(N'DON1182', '2025-11-21 13:45:00', '2025-11-21 13:45:00', N'Đã thanh toán', N'NV01105', N'KH20251025018', N'BAN02'),
(N'DON1183', '2025-11-21 19:00:00', '2025-11-21 19:00:00', N'Đã thanh toán', N'NV01102', N'KH20251025019', N'BAN03'),
(N'DON1184', '2025-11-21 20:30:00', '2025-11-21 20:30:00', N'Đã thanh toán', N'NV01104', N'KH20251025020', N'BAN04'),
(N'DON1185', '2025-11-22 12:15:00', '2025-11-22 12:15:00', N'Đã thanh toán', N'NV01102', N'KH20251025010', N'BAN05'),
(N'DON1186', '2025-11-22 13:30:00', '2025-11-22 13:30:00', N'Đã thanh toán', N'NV01103', N'KH20251025015', N'BAN01'),
(N'DON1187', '2025-11-22 18:45:00', '2025-11-22 18:45:00', N'Đã thanh toán', N'NV01104', N'KH20251025016', N'BAN02'),
(N'DON1188', '2025-11-22 20:15:00', '2025-11-22 20:15:00', N'Đã thanh toán', N'NV01105', N'KH20251025018', N'BAN03'),
(N'DON1189', '2025-11-23 12:00:00', '2025-11-23 12:00:00', N'Đã thanh toán', N'NV01102', N'KH20251025019', N'BAN04'),
(N'DON1190', '2025-11-23 13:15:00', '2025-11-23 13:15:00', N'Đã thanh toán', N'NV01104', N'KH20251025011', N'BAN05'),
(N'DON1191', '2025-11-23 18:30:00', '2025-11-23 18:30:00', N'Đã thanh toán', N'NV01103', N'KH20251025015', N'BAN01'),
(N'DON1192', '2025-11-23 20:00:00', '2025-11-23 20:00:00', N'Đã thanh toán', N'NV02101', N'KH20251025016', N'BAN02'),
(N'DON1193', '2025-11-24 12:30:00', '2025-11-24 12:30:00', N'Đã thanh toán', N'NV01103', N'KH20251025018', N'BAN03'),
(N'DON1194', '2025-11-24 13:45:00', '2025-11-24 13:45:00', N'Đã thanh toán', N'NV01105', N'KH20251025019', N'BAN04'),
(N'DON1195', '2025-11-24 19:00:00', '2025-11-24 19:00:00', N'Đã thanh toán', N'NV01102', N'KH20251025012', N'BAN05'),
(N'DON1196', '2025-11-24 20:30:00', '2025-11-24 20:30:00', N'Đã thanh toán', N'NV01104', N'KH20251025015', N'BAN01'),
(N'DON1197', '2025-11-25 12:15:00', '2025-11-25 12:15:00', N'Đã thanh toán', N'NV01102', N'KH20251025016', N'BAN02'),
(N'DON1198', '2025-11-25 13:30:00', '2025-11-25 13:30:00', N'Đã thanh toán', N'NV01103', N'KH20251025018', N'BAN03'),
(N'DON1199', '2025-11-25 18:45:00', '2025-11-25 18:45:00', N'Đã thanh toán', N'NV01104', N'KH20251025019', N'BAN04'),
(N'DON1200', '2025-11-25 20:15:00', '2025-11-25 20:15:00', N'Đã thanh toán', N'NV01105', N'KH20251025013', N'BAN05'),
(N'DON1201', '2025-11-26 12:00:00', '2025-11-26 12:00:00', N'Đã thanh toán', N'NV01102', N'KH20251025014', N'BAN01'),
(N'DON1202', '2025-11-26 13:15:00', '2025-11-26 13:15:00', N'Đã thanh toán', N'NV01104', N'KH20251025015', N'BAN02'),
(N'DON1203', '2025-11-26 18:30:00', '2025-11-26 18:30:00', N'Đã thanh toán', N'NV01103', N'KH20251025016', N'BAN03'),
(N'DON1204', '2025-11-26 20:00:00', '2025-11-26 20:00:00', N'Đã thanh toán', N'NV01105', N'KH20251025018', N'BAN04'),
(N'DON1205', '2025-11-27 12:30:00', '2025-11-27 12:30:00', N'Đã thanh toán', N'NV01103', N'KH20251025019', N'BAN05'),
(N'DON1206', '2025-11-27 13:45:00', '2025-11-27 13:45:00', N'Đã thanh toán', N'NV01105', N'KH20251025020', N'BAN01'),
(N'DON1207', '2025-11-27 19:00:00', '2025-11-27 19:00:00', N'Đã thanh toán', N'NV01102', N'KH20251025015', N'BAN02'),
(N'DON1208', '2025-11-27 20:30:00', '2025-11-27 20:30:00', N'Đã thanh toán', N'NV01104', N'KH20251025016', N'BAN03'),
(N'DON1209', '2025-11-28 12:15:00', '2025-11-28 12:15:00', N'Đã thanh toán', N'NV01102', N'KH20251025018', N'BAN04'),
(N'DON1210', '2025-11-28 13:30:00', '2025-11-28 13:30:00', N'Đã thanh toán', N'NV01103', N'KH20251025019', N'BAN05'),
(N'DON1211', '2025-11-28 18:45:00', '2025-11-28 18:45:00', N'Đã thanh toán', N'NV01104', N'KH20251025007', N'BAN01'),
(N'DON1212', '2025-11-28 20:15:00', '2025-11-28 20:15:00', N'Đã thanh toán', N'NV01105', N'KH20251025015', N'BAN02'),
(N'DON1213', '2025-11-29 12:00:00', '2025-11-29 12:00:00', N'Đã thanh toán', N'NV01102', N'KH20251025016', N'BAN03'),
(N'DON1214', '2025-11-29 13:15:00', '2025-11-29 13:15:00', N'Đã thanh toán', N'NV01104', N'KH20251025018', N'BAN04'),
(N'DON1215', '2025-11-29 18:30:00', '2025-11-29 18:30:00', N'Đã thanh toán', N'NV01103', N'KH20251025019', N'BAN05'),
(N'DON1216', '2025-11-29 20:00:00', '2025-11-29 20:00:00', N'Đã thanh toán', N'NV02101', N'KH20251025008', N'BAN01'),
(N'DON1217', '2025-11-30 12:30:00', '2025-11-30 12:30:00', N'Đã thanh toán', N'NV01103', N'KH20251025015', N'BAN02'),
(N'DON1218', '2025-11-30 13:45:00', '2025-11-30 13:45:00', N'Đã thanh toán', N'NV01105', N'KH20251025016', N'BAN03'),
(N'DON1219', '2025-11-30 19:00:00', '2025-11-30 19:00:00', N'Đã thanh toán', N'NV01102', N'KH20251025018', N'BAN04'),
(N'DON1220', '2025-11-30 20:30:00', '2025-11-30 20:30:00', N'Đã thanh toán', N'NV01104', N'KH20251025019', N'BAN05'),
(N'DON1221', '2025-12-01 12:00:00', '2025-12-01 12:00:00', N'Đã thanh toán', N'NV01102', N'KH20251025009', N'BAN01'),
(N'DON1222', '2025-12-01 13:15:00', '2025-12-01 13:15:00', N'Đã thanh toán', N'NV01103', N'KH20251025015', N'BAN02'),
(N'DON1223', '2025-12-01 18:30:00', '2025-12-01 18:30:00', N'Đã thanh toán', N'NV01104', N'KH20251025016', N'BAN03'),
(N'DON1224', '2025-12-01 20:00:00', '2025-12-01 20:00:00', N'Đã thanh toán', N'NV01105', N'KH20251025018', N'BAN04'),
(N'DON1225', '2025-12-02 12:30:00', '2025-12-02 12:30:00', N'Đã thanh toán', N'NV01102', N'KH20251025019', N'BAN05'),
(N'DON1226', '2025-12-02 13:45:00', '2025-12-02 13:45:00', N'Đã thanh toán', N'NV01104', N'KH20251025010', N'BAN01'),
(N'DON1227', '2025-12-02 18:30:00', '2025-12-02 18:30:00', N'Đã thanh toán', N'NV01103', N'KH20251025015', N'BAN02'),
(N'DON1228', '2025-12-02 20:00:00', '2025-12-02 20:00:00', N'Đã thanh toán', N'NV01105', N'KH20251025016', N'BAN03'),
(N'DON1229', '2025-12-03 12:15:00', '2025-12-03 12:15:00', N'Đã thanh toán', N'NV01103', N'KH20251025018', N'BAN04'),
(N'DON1230', '2025-12-03 13:30:00', '2025-12-03 13:30:00', N'Đã thanh toán', N'NV01105', N'KH20251025019', N'BAN05'),
(N'DON1231', '2025-12-03 18:45:00', '2025-12-03 18:45:00', N'Đã thanh toán', N'NV01102', N'KH20251025011', N'BAN01'),
(N'DON1232', '2025-12-03 20:15:00', '2025-12-03 20:15:00', N'Đã thanh toán', N'NV01104', N'KH20251025015', N'BAN02'),
(N'DON1233', '2025-12-04 12:00:00', '2025-12-04 12:00:00', N'Đã thanh toán', N'NV01102', N'KH20251025016', N'BAN03'),
(N'DON1234', '2025-12-04 13:15:00', '2025-12-04 13:15:00', N'Đã thanh toán', N'NV01103', N'KH20251025018', N'BAN04'),
(N'DON1235', '2025-12-04 18:30:00', '2025-12-04 18:30:00', N'Đã thanh toán', N'NV01104', N'KH20251025019', N'BAN05'),
(N'DON1236', '2025-12-04 20:00:00', '2025-12-04 20:00:00', N'Đã thanh toán', N'NV01105', N'KH20251025012', N'BAN01'),
(N'DON1237', '2025-12-05 12:30:00', '2025-12-05 12:30:00', N'Đã thanh toán', N'NV01102', N'KH20251025015', N'BAN02'),
(N'DON1238', '2025-12-05 13:45:00', '2025-12-05 13:45:00', N'Đã thanh toán', N'NV01104', N'KH20251025016', N'BAN03'),
(N'DON1239', '2025-12-05 19:00:00', '2025-12-05 19:00:00', N'Đã thanh toán', N'NV01103', N'KH20251025018', N'BAN04'),
(N'DON1240', '2025-12-05 20:30:00', '2025-12-05 20:30:00', N'Đã thanh toán', N'NV02101', N'KH20251025019', N'BAN05'),
(N'DON1241', '2025-12-06 12:15:00', '2025-12-06 12:15:00', N'Đã thanh toán', N'NV01103', N'KH20251025013', N'BAN01'),
(N'DON1242', '2025-12-06 13:30:00', '2025-12-06 13:30:00', N'Đã thanh toán', N'NV01105', N'KH20251025015', N'BAN02'),
(N'DON1243', '2025-12-06 18:45:00', '2025-12-06 18:45:00', N'Đã thanh toán', N'NV01102', N'KH20251025016', N'BAN03'),
(N'DON1244', '2025-12-06 20:15:00', '2025-12-06 20:15:00', N'Đã thanh toán', N'NV01104', N'KH20251025018', N'BAN04'),
(N'DON1245', '2025-12-07 12:00:00', '2025-12-07 12:00:00', N'Đã thanh toán', N'NV01102', N'KH20251025019', N'BAN05'),
(N'DON1246', '2025-12-07 13:15:00', '2025-12-07 13:15:00', N'Đã thanh toán', N'NV01103', N'KH20251025014', N'BAN01'),
(N'DON1247', '2025-12-07 18:30:00', '2025-12-07 18:30:00', N'Đã thanh toán', N'NV01104', N'KH20251025015', N'BAN02'),
(N'DON1248', '2025-12-07 20:00:00', '2025-12-07 20:00:00', N'Đã thanh toán', N'NV01105', N'KH20251025016', N'BAN03'),
(N'DON1249', '2025-12-08 12:30:00', '2025-12-08 12:30:00', N'Đã thanh toán', N'NV01102', N'KH20251025018', N'BAN04'),
(N'DON1250', '2025-12-08 13:45:00', '2025-12-08 13:45:00', N'Đã thanh toán', N'NV01104', N'KH20251025019', N'BAN05'),
(N'DON1251', '2025-12-09 11:45:00', '2025-12-09 12:15:00', N'Đã thanh toán', N'NV01103', N'KH20251025020', N'BAN01'),
(N'DON1252', '2025-12-09 12:45:00', '2025-12-09 13:30:00', N'Đã thanh toán', N'NV01105', N'KH20251025021', N'BAN02'),
(N'DON1253', '2025-12-09 18:00:00', '2025-12-09 18:45:00', N'Đã thanh toán', N'NV01102', N'KH20251025022', N'BAN03'),
(N'DON1254', '2025-12-09 19:30:00', '2025-12-09 20:15:00', N'Đã thanh toán', N'NV01104', N'KH20251025023', N'BAN04'),
(N'DON1255', '2025-12-10 11:30:00', '2025-12-10 12:00:00', N'Đã thanh toán', N'NV01102', N'KH20251025024', N'BAN05'),
(N'DON1256', '2025-12-10 12:45:00', '2025-12-10 13:15:00', N'Đã thanh toán', N'NV01104', N'KH20251025025', N'BAN01'),
(N'DON1257', '2025-12-10 18:00:00', '2025-12-10 18:30:00', N'Đã thanh toán', N'NV01103', N'KH20251025026', N'BAN02'),
(N'DON1258', '2025-12-10 19:30:00', '2025-12-10 20:00:00', N'Đã thanh toán', N'NV01105', N'KH20251025027', N'BAN03'),
(N'DON1259', '2025-12-11 12:00:00', '2025-12-11 12:30:00', N'Đã thanh toán', N'NV01103', N'KH20251025028', N'BAN04'),
(N'DON1260', '2025-12-11 13:15:00', '2025-12-11 13:45:00', N'Đã thanh toán', N'NV01105', N'KH20251025029', N'BAN05'),
(N'DON1261', '2025-12-11 18:30:00', '2025-12-11 19:00:00', N'Đã thanh toán', N'NV01102', N'KH20251025030', N'BAN01'),
(N'DON1262', '2025-12-11 20:00:00', '2025-12-11 20:30:00', N'Đã thanh toán', N'NV01104', N'KH20251025002', N'BAN02'),
(N'DON1263', '2025-12-12 11:45:00', '2025-12-12 12:15:00', N'Đã thanh toán', N'NV01102', N'KH20251025003', N'BAN03'),
(N'DON1264', '2025-12-12 13:00:00', '2025-12-12 13:30:00', N'Đã thanh toán', N'NV01103', N'KH20251025004', N'BAN04'),
(N'DON1265', '2025-12-12 18:15:00', '2025-12-12 18:45:00', N'Đã thanh toán', N'NV01104', N'KH20251025005', N'BAN05'),
(N'DON1266', '2025-12-12 19:45:00', '2025-12-12 20:15:00', N'Đã thanh toán', N'NV01105', N'KH20251025006', N'BAN01'),
(N'DON1267', '2025-12-13 11:30:00', '2025-12-13 12:00:00', N'Đã thanh toán', N'NV01102', N'KH20251025007', N'BAN02'),
(N'DON1268', '2025-12-13 12:45:00', '2025-12-13 13:15:00', N'Đã thanh toán', N'NV01104', N'KH20251025008', N'BAN03'),
(N'DON1269', '2025-12-13 18:00:00', '2025-12-13 18:30:00', N'Đã thanh toán', N'NV01103', N'KH20251025009', N'BAN04'),
(N'DON1270', '2025-12-13 19:30:00', '2025-12-13 20:00:00', N'Đã thanh toán', N'NV01105', N'KH20251025010', N'BAN05'),
(N'DON1271', '2025-12-14 12:00:00', '2025-12-14 12:30:00', N'Đã thanh toán', N'NV01103', N'KH20251025011', N'BAN01'),
(N'DON1272', '2025-12-14 13:15:00', '2025-12-14 13:45:00', N'Đã thanh toán', N'NV01105', N'KH20251025012', N'BAN02'),
(N'DON1273', '2025-12-14 18:30:00', '2025-12-14 19:00:00', N'Đã thanh toán', N'NV01102', N'KH20251025013', N'BAN03'),
(N'DON1274', '2025-12-14 20:00:00', '2025-12-14 20:30:00', N'Đã thanh toán', N'NV01104', N'KH20251025014', N'BAN04'),
(N'DON1275', '2025-12-15 11:45:00', '2025-12-15 12:15:00', N'Đã thanh toán', N'NV02101', N'KH20251025002', N'BAN05'),
(N'DON1276', '2025-12-15 12:00:00', '2025-12-15 12:00:00', N'Đã thanh toán', N'NV01103', N'KH20251025011', N'BAN01'),
(N'DON1277', '2025-12-15 13:15:00', '2025-12-15 13:15:00', N'Đã thanh toán', N'NV01105', N'KH20251025015', N'BAN02'),
(N'DON1278', '2025-12-15 18:30:00', '2025-12-15 18:30:00', N'Đã thanh toán', N'NV01102', N'KH20251025016', N'BAN03'),
(N'DON1279', '2025-12-15 20:00:00', '2025-12-15 20:00:00', N'Đã thanh toán', N'NV01104', N'KH20251025018', N'BAN04'),
(N'DON1280', '2025-12-16 12:30:00', '2025-12-16 12:30:00', N'Đã thanh toán', N'NV01102', N'KH20251025019', N'BAN05'),
(N'DON1281', '2025-12-16 13:45:00', '2025-12-16 13:45:00', N'Đã thanh toán', N'NV01103', N'KH20251025012', N'BAN01'),
(N'DON1282', '2025-12-16 19:00:00', '2025-12-16 19:00:00', N'Đã thanh toán', N'NV01104', N'KH20251025015', N'BAN02'),
(N'DON1283', '2025-12-16 20:30:00', '2025-12-16 20:30:00', N'Đã thanh toán', N'NV01105', N'KH20251025016', N'BAN03'),
(N'DON1284', '2025-12-17 12:15:00', '2025-12-17 12:15:00', N'Đã thanh toán', N'NV01102', N'KH20251025018', N'BAN04'),
(N'DON1285', '2025-12-17 13:30:00', '2025-12-17 13:30:00', N'Đã thanh toán', N'NV01104', N'KH20251025019', N'BAN05'),
(N'DON1286', '2025-12-17 18:45:00', '2025-12-17 18:45:00', N'Đã thanh toán', N'NV01103', N'KH20251025013', N'BAN01'),
(N'DON1287', '2025-12-17 20:15:00', '2025-12-17 20:15:00', N'Đã thanh toán', N'NV02101', N'KH20251025015', N'BAN02');
GO

INSERT INTO ChiTietHoaDon (maDon, maMonAn, soLuong, donGia) VALUES
(N'DON1101', N'MA108', 2, 60000.00),
(N'DON1101', N'MA115', 1, 25000.00),
(N'DON1102', N'MA110', 1, 65000.00),
(N'DON1102', N'MA116', 2, 35000.00),
(N'DON1103', N'MA111', 1, 120000.00),
(N'DON1103', N'MA103', 2, 10000.00),
(N'DON1104', N'MA113', 1, 250000.00),
(N'DON1104', N'MA117', 1, 30000.00),
(N'DON1105', N'MA101', 1, 50000.00),
(N'DON1105', N'MA115', 2, 25000.00),
(N'DON1106', N'MA108', 2, 60000.00),
(N'DON1106', N'MA116', 1, 35000.00),
(N'DON1107', N'MA110', 1, 65000.00),
(N'DON1107', N'MA104', 2, 3000.00),
(N'DON1108', N'MA111', 1, 120000.00),
(N'DON1108', N'MA115', 1, 25000.00),
(N'DON1109', N'MA113', 1, 250000.00),
(N'DON1109', N'MA117', 1, 30000.00),
(N'DON1110', N'MA119', 1, 55000.00),
(N'DON1110', N'MA103', 2, 10000.00),
(N'DON1111', N'MA108', 1, 60000.00),
(N'DON1111', N'MA115', 2, 25000.00),
(N'DON1112', N'MA111', 1, 120000.00),
(N'DON1112', N'MA116', 1, 35000.00),
(N'DON1113', N'MA101', 1, 50000.00),
(N'DON1113', N'MA104', 2, 3000.00),
(N'DON1114', N'MA110', 1, 65000.00),
(N'DON1114', N'MA115', 2, 25000.00),
(N'DON1115', N'MA113', 1, 250000.00),
(N'DON1115', N'MA117', 1, 30000.00),
(N'DON1116', N'MA108', 2, 60000.00),
(N'DON1116', N'MA103', 2, 10000.00),
(N'DON1117', N'MA110', 1, 65000.00),
(N'DON1117', N'MA116', 1, 35000.00),
(N'DON1118', N'MA111', 1, 120000.00),
(N'DON1118', N'MA115', 2, 25000.00),
(N'DON1119', N'MA113', 1, 250000.00),
(N'DON1119', N'MA104', 2, 3000.00),
(N'DON1120', N'MA105', 1, 350000.00),
(N'DON1120', N'MA115', 1, 25000.00),
(N'DON1121', N'MA108', 2, 60000.00),
(N'DON1121', N'MA117', 1, 30000.00),
(N'DON1122', N'MA110', 1, 65000.00),
(N'DON1122', N'MA116', 2, 35000.00),
(N'DON1123', N'MA111', 1, 120000.00),
(N'DON1123', N'MA103', 2, 10000.00),
(N'DON1124', N'MA113', 1, 250000.00),
(N'DON1124', N'MA115', 1, 25000.00),
(N'DON1125', N'MA101', 1, 50000.00),
(N'DON1125', N'MA104', 2, 3000.00),
(N'DON1126', N'MA108', 1, 60000.00),
(N'DON1126', N'MA115', 2, 25000.00),
(N'DON1127', N'MA110', 2, 65000.00),
(N'DON1127', N'MA116', 1, 35000.00),
(N'DON1128', N'MA111', 1, 120000.00),
(N'DON1128', N'MA117', 1, 30000.00),
(N'DON1129', N'MA119', 1, 55000.00),
(N'DON1129', N'MA103', 2, 10000.00),
(N'DON1130', N'MA113', 1, 250000.00),
(N'DON1130', N'MA115', 1, 25000.00),
(N'DON1131', N'MA108', 2, 60000.00),
(N'DON1131', N'MA104', 2, 3000.00),
(N'DON1132', N'MA110', 1, 65000.00),
(N'DON1132', N'MA116', 1, 35000.00),
(N'DON1133', N'MA111', 1, 120000.00),
(N'DON1133', N'MA115', 2, 25000.00),
(N'DON1134', N'MA113', 1, 250000.00),
(N'DON1134', N'MA117', 1, 30000.00),
(N'DON1135', N'MA105', 1, 350000.00),
(N'DON1135', N'MA103', 1, 10000.00),
(N'DON1136', N'MA108', 1, 60000.00),
(N'DON1136', N'MA115', 2, 25000.00),
(N'DON1137', N'MA110', 2, 65000.00),
(N'DON1137', N'MA116', 1, 35000.00),
(N'DON1138', N'MA111', 1, 120000.00),
(N'DON1138', N'MA104', 2, 3000.00),
(N'DON1139', N'MA113', 1, 250000.00),
(N'DON1139', N'MA115', 1, 25000.00),
(N'DON1140', N'MA118', 1, 380000.00),
(N'DON1140', N'MA112', 2, 35000.00),
(N'DON1141', N'MA101', 1, 50000.00),
(N'DON1141', N'MA115', 1, 25000.00),
(N'DON1142', N'MA108', 2, 60000.00),
(N'DON1142', N'MA103', 2, 10000.00),
(N'DON1143', N'MA110', 1, 65000.00),
(N'DON1143', N'MA117', 1, 30000.00),
(N'DON1144', N'MA111', 1, 120000.00),
(N'DON1144', N'MA116', 1, 35000.00),
(N'DON1145', N'MA113', 1, 250000.00),
(N'DON1145', N'MA115', 2, 25000.00),
(N'DON1146', N'MA108', 1, 60000.00),
(N'DON1146', N'MA104', 2, 3000.00),
(N'DON1147', N'MA110', 2, 65000.00),
(N'DON1147', N'MA115', 1, 25000.00),
(N'DON1148', N'MA111', 1, 120000.00),
(N'DON1148', N'MA117', 1, 30000.00),
(N'DON1149', N'MA119', 1, 55000.00),
(N'DON1149', N'MA103', 2, 10000.00),
(N'DON1150', N'MA113', 1, 250000.00),
(N'DON1150', N'MA115', 1, 25000.00),
(N'DON1151', N'MA110', 1, 65000.00),
(N'DON1151', N'MA115', 2, 25000.00),
(N'DON1152', N'MA111', 1, 120000.00),
(N'DON1152', N'MA103', 2, 10000.00),
(N'DON1153', N'MA113', 1, 250000.00),
(N'DON1153', N'MA116', 2, 35000.00),
(N'DON1154', N'MA105', 1, 350000.00),
(N'DON1154', N'MA104', 1, 3000.00),
(N'DON1155', N'MA108', 2, 60000.00),
(N'DON1155', N'MA115', 1, 25000.00),
(N'DON1156', N'MA119', 1, 55000.00),
(N'DON1156', N'MA103', 2, 10000.00),
(N'DON1157', N'MA111', 1, 120000.00),
(N'DON1157', N'MA117', 1, 30000.00),
(N'DON1158', N'MA113', 1, 250000.00),
(N'DON1158', N'MA104', 2, 3000.00),
(N'DON1159', N'MA101', 1, 50000.00),
(N'DON1159', N'MA104', 1, 3000.00),
(N'DON1160', N'MA108', 1, 60000.00),
(N'DON1160', N'MA115', 2, 25000.00),
(N'DON1161', N'MA110', 2, 65000.00),
(N'DON1161', N'MA103', 1, 10000.00),
(N'DON1162', N'MA111', 1, 120000.00),
(N'DON1162', N'MA116', 1, 35000.00),
(N'DON1163', N'MA113', 1, 250000.00),
(N'DON1163', N'MA115', 1, 25000.00),
(N'DON1164', N'MA118', 1, 380000.00),
(N'DON1164', N'MA112', 2, 35000.00),
(N'DON1165', N'MA108', 2, 60000.00),
(N'DON1165', N'MA104', 2, 3000.00),
(N'DON1166', N'MA119', 1, 55000.00),
(N'DON1166', N'MA115', 1, 25000.00),
(N'DON1167', N'MA111', 1, 120000.00),
(N'DON1167', N'MA103', 2, 10000.00),
(N'DON1168', N'MA113', 1, 250000.00),
(N'DON1168', N'MA117', 1, 30000.00),
(N'DON1169', N'MA101', 1, 50000.00),
(N'DON1169', N'MA104', 2, 3000.00),
(N'DON1170', N'MA110', 1, 65000.00),
(N'DON1170', N'MA115', 1, 25000.00),
(N'DON1171', N'MA108', 2, 60000.00),
(N'DON1171', N'MA116', 1, 35000.00),
(N'DON1172', N'MA111', 1, 120000.00),
(N'DON1172', N'MA104', 2, 3000.00),
(N'DON1173', N'MA113', 1, 250000.00),
(N'DON1173', N'MA115', 2, 25000.00),
(N'DON1174', N'MA101', 1, 50000.00),
(N'DON1174', N'MA103', 1, 10000.00),
(N'DON1175', N'MA108', 1, 60000.00),
(N'DON1175', N'MA115', 2, 25000.00),
(N'DON1176', N'MA111', 1, 120000.00),
(N'DON1176', N'MA117', 1, 30000.00),
(N'DON1177', N'MA108', 2, 60000.00),
(N'DON1177', N'MA115', 2, 25000.00),
(N'DON1178', N'MA119', 1, 55000.00),
(N'DON1178', N'MA103', 2, 10000.00),
(N'DON1179', N'MA110', 1, 65000.00),
(N'DON1179', N'MA116', 1, 35000.00),
(N'DON1180', N'MA113', 1, 250000.00),
(N'DON1180', N'MA115', 1, 25000.00),
(N'DON1181', N'MA108', 1, 60000.00),
(N'DON1181', N'MA104', 2, 3000.00),
(N'DON1182', N'MA111', 2, 120000.00),
(N'DON1182', N'MA115', 1, 25000.00),
(N'DON1183', N'MA113', 1, 250000.00),
(N'DON1183', N'MA117', 1, 30000.00),
(N'DON1184', N'MA118', 1, 380000.00),
(N'DON1184', N'MA112', 2, 35000.00),
(N'DON1185', N'MA101', 1, 50000.00),
(N'DON1185', N'MA115', 1, 25000.00),
(N'DON1186', N'MA108', 2, 60000.00),
(N'DON1186', N'MA104', 1, 3000.00),
(N'DON1187', N'MA110', 1, 65000.00),
(N'DON1187', N'MA116', 2, 35000.00),
(N'DON1188', N'MA111', 1, 120000.00),
(N'DON1188', N'MA115', 2, 25000.00),
(N'DON1189', N'MA113', 1, 250000.00),
(N'DON1189', N'MA117', 1, 30000.00),
(N'DON1190', N'MA119', 1, 55000.00),
(N'DON1190', N'MA103', 1, 10000.00),
(N'DON1191', N'MA108', 1, 60000.00),
(N'DON1191', N'MA115', 2, 25000.00),
(N'DON1192', N'MA110', 2, 65000.00),
(N'DON1192', N'MA116', 1, 35000.00),
(N'DON1193', N'MA111', 1, 120000.00),
(N'DON1193', N'MA104', 2, 3000.00),
(N'DON1194', N'MA113', 1, 250000.00),
(N'DON1194', N'MA115', 1, 25000.00),
(N'DON1195', N'MA105', 1, 350000.00),
(N'DON1195', N'MA112', 1, 35000.00),
(N'DON1196', N'MA108', 2, 60000.00),
(N'DON1196', N'MA115', 1, 25000.00),
(N'DON1197', N'MA119', 1, 55000.00),
(N'DON1197', N'MA103', 2, 10000.00),
(N'DON1198', N'MA110', 1, 65000.00),
(N'DON1198', N'MA117', 1, 30000.00),
(N'DON1199', N'MA111', 1, 120000.00),
(N'DON1199', N'MA116', 2, 35000.00),
(N'DON1200', N'MA113', 1, 250000.00),
(N'DON1200', N'MA104', 2, 3000.00),
(N'DON1201', N'MA108', 1, 60000.00),
(N'DON1201', N'MA115', 2, 25000.00),
(N'DON1202', N'MA110', 1, 65000.00),
(N'DON1202', N'MA116', 1, 35000.00),
(N'DON1203', N'MA111', 1, 120000.00),
(N'DON1203', N'MA103', 2, 10000.00),
(N'DON1204', N'MA113', 1, 250000.00),
(N'DON1204', N'MA117', 1, 30000.00),
(N'DON1205', N'MA105', 1, 350000.00),
(N'DON1205', N'MA115', 1, 25000.00),
(N'DON1206', N'MA118', 1, 380000.00),
(N'DON1206', N'MA112', 2, 35000.00),
(N'DON1207', N'MA108', 2, 60000.00),
(N'DON1207', N'MA104', 2, 3000.00),
(N'DON1208', N'MA119', 1, 55000.00),
(N'DON1208', N'MA115', 2, 25000.00),
(N'DON1209', N'MA111', 1, 120000.00),
(N'DON1209', N'MA116', 1, 35000.00),
(N'DON1210', N'MA113', 1, 250000.00),
(N'DON1210', N'MA115', 1, 25000.00),
(N'DON1211', N'MA101', 1, 50000.00),
(N'DON1211', N'MA104', 2, 3000.00),
(N'DON1212', N'MA110', 1, 65000.00),
(N'DON1212', N'MA115', 2, 25000.00),
(N'DON1213', N'MA108', 2, 60000.00),
(N'DON1213', N'MA117', 1, 30000.00),
(N'DON1214', N'MA111', 1, 120000.00),
(N'DON1214', N'MA103', 2, 10000.00),
(N'DON1215', N'MA113', 1, 250000.00),
(N'DON1215', N'MA116', 1, 35000.00),
(N'DON1216', N'MA101', 1, 50000.00),
(N'DON1216', N'MA115', 1, 25000.00),
(N'DON1217', N'MA108', 1, 60000.00),
(N'DON1217', N'MA104', 2, 3000.00),
(N'DON1218', N'MA110', 2, 65000.00),
(N'DON1218', N'MA115', 1, 25000.00),
(N'DON1219', N'MA111', 1, 120000.00),
(N'DON1219', N'MA117', 1, 30000.00),
(N'DON1220', N'MA113', 1, 250000.00),
(N'DON1220', N'MA115', 2, 25000.00),
(N'DON1221', N'MA101', 1, 50000.00),
(N'DON1221', N'MA103', 1, 10000.00),
(N'DON1222', N'MA119', 1, 55000.00),
(N'DON1222', N'MA115', 2, 25000.00),
(N'DON1223', N'MA108', 2, 60000.00),
(N'DON1223', N'MA116', 1, 35000.00),
(N'DON1224', N'MA111', 1, 120000.00),
(N'DON1224', N'MA104', 2, 3000.00),
(N'DON1225', N'MA113', 1, 250000.00),
(N'DON1225', N'MA117', 1, 30000.00),
(N'DON1226', N'MA110', 1, 65000.00),
(N'DON1226', N'MA115', 1, 25000.00),
(N'DON1227', N'MA108', 2, 60000.00),
(N'DON1227', N'MA116', 1, 35000.00),
(N'DON1228', N'MA111', 1, 120000.00),
(N'DON1228', N'MA103', 2, 10000.00),
(N'DON1229', N'MA113', 1, 250000.00),
(N'DON1229', N'MA117', 1, 30000.00),
(N'DON1230', N'MA105', 1, 350000.00),
(N'DON1230', N'MA115', 2, 25000.00),
(N'DON1231', N'MA101', 1, 50000.00),
(N'DON1231', N'MA104', 2, 3000.00),
(N'DON1232', N'MA119', 1, 55000.00),
(N'DON1232', N'MA115', 2, 25000.00),
(N'DON1233', N'MA108', 2, 60000.00),
(N'DON1233', N'MA116', 1, 35000.00),
(N'DON1234', N'MA111', 1, 120000.00),
(N'DON1234', N'MA104', 2, 3000.00),
(N'DON1235', N'MA113', 1, 250000.00),
(N'DON1235', N'MA115', 1, 25000.00),
(N'DON1236', N'MA110', 1, 65000.00),
(N'DON1236', N'MA117', 1, 30000.00),
(N'DON1237', N'MA108', 1, 60000.00),
(N'DON1237', N'MA103', 2, 10000.00),
(N'DON1238', N'MA119', 2, 55000.00),
(N'DON1238', N'MA115', 1, 25000.00),
(N'DON1239', N'MA111', 1, 120000.00),
(N'DON1239', N'MA116', 1, 35000.00),
(N'DON1240', N'MA113', 1, 250000.00),
(N'DON1240', N'MA117', 1, 30000.00),
(N'DON1241', N'MA101', 1, 50000.00),
(N'DON1241', N'MA115', 1, 25000.00),
(N'DON1242', N'MA108', 2, 60000.00),
(N'DON1242', N'MA104', 2, 3000.00),
(N'DON1243', N'MA110', 1, 65000.00),
(N'DON1243', N'MA116', 2, 35000.00),
(N'DON1244', N'MA111', 1, 120000.00),
(N'DON1244', N'MA115', 1, 25000.00),
(N'DON1245', N'MA113', 1, 250000.00),
(N'DON1245', N'MA103', 2, 10000.00),
(N'DON1246', N'MA108', 1, 60000.00),
(N'DON1246', N'MA117', 1, 30000.00),
(N'DON1247', N'MA119', 1, 55000.00),
(N'DON1247', N'MA115', 2, 25000.00),
(N'DON1248', N'MA111', 1, 120000.00),
(N'DON1248', N'MA116', 1, 35000.00),
(N'DON1249', N'MA113', 1, 250000.00),
(N'DON1249', N'MA115', 1, 25000.00),
(N'DON1250', N'MA118', 1, 380000.00),
(N'DON1250', N'MA112', 2, 35000.00),
(N'DON1251', N'MA105', 1, 350000.00),
(N'DON1251', N'MA108', 1, 60000.00),
(N'DON1252', N'MA110', 1, 65000.00),
(N'DON1252', N'MA115', 2, 25000.00),
(N'DON1253', N'MA111', 1, 120000.00),
(N'DON1253', N'MA116', 1, 35000.00),
(N'DON1254', N'MA113', 1, 250000.00),
(N'DON1254', N'MA115', 1, 25000.00),
(N'DON1255', N'MA118', 1, 380000.00),
(N'DON1255', N'MA117', 1, 30000.00),
(N'DON1256', N'MA101', 1, 50000.00),
(N'DON1256', N'MA104', 2, 3000.00),
(N'DON1257', N'MA108', 2, 60000.00),
(N'DON1257', N'MA115', 1, 25000.00),
(N'DON1258', N'MA119', 1, 55000.00),
(N'DON1258', N'MA103', 2, 10000.00),
(N'DON1259', N'MA111', 1, 120000.00),
(N'DON1259', N'MA116', 1, 35000.00),
(N'DON1260', N'MA113', 1, 250000.00),
(N'DON1260', N'MA115', 2, 25000.00),
(N'DON1261', N'MA101', 1, 50000.00),
(N'DON1261', N'MA115', 1, 25000.00),
(N'DON1262', N'MA108', 2, 60000.00),
(N'DON1262', N'MA104', 2, 3000.00),
(N'DON1263', N'MA110', 1, 65000.00),
(N'DON1263', N'MA117', 1, 30000.00),
(N'DON1264', N'MA111', 1, 120000.00),
(N'DON1264', N'MA115', 2, 25000.00),
(N'DON1265', N'MA113', 1, 250000.00),
(N'DON1265', N'MA116', 1, 35000.00),
(N'DON1266', N'MA108', 1, 60000.00),
(N'DON1266', N'MA103', 1, 10000.00),
(N'DON1267', N'MA119', 1, 55000.00),
(N'DON1267', N'MA115', 2, 25000.00),
(N'DON1268', N'MA111', 1, 120000.00),
(N'DON1268', N'MA117', 1, 30000.00),
(N'DON1269', N'MA113', 1, 250000.00),
(N'DON1269', N'MA104', 2, 3000.00),
(N'DON1270', N'MA105', 1, 350000.00),
(N'DON1270', N'MA115', 1, 25000.00),
(N'DON1271', N'MA110', 1, 65000.00),
(N'DON1271', N'MA116', 1, 35000.00),
(N'DON1272', N'MA108', 2, 60000.00),
(N'DON1272', N'MA115', 1, 25000.00),
(N'DON1273', N'MA111', 1, 120000.00),
(N'DON1273', N'MA103', 2, 10000.00),
(N'DON1274', N'MA113', 1, 250000.00),
(N'DON1274', N'MA117', 1, 30000.00),
(N'DON1275', N'MA118', 1, 380000.00),
(N'DON1275', N'MA112', 2, 35000.00),
(N'DON1276', N'MA101', 1, 50000.00),
(N'DON1276', N'MA115', 1, 25000.00),
(N'DON1277', N'MA110', 1, 65000.00),
(N'DON1277', N'MA116', 2, 35000.00),
(N'DON1278', N'MA111', 1, 120000.00),
(N'DON1278', N'MA103', 2, 10000.00),
(N'DON1279', N'MA113', 1, 250000.00),
(N'DON1279', N'MA117', 1, 30000.00),
(N'DON1280', N'MA108', 2, 60000.00),
(N'DON1280', N'MA115', 1, 25000.00),
(N'DON1281', N'MA119', 1, 55000.00),
(N'DON1281', N'MA104', 2, 3000.00),
(N'DON1282', N'MA111', 1, 120000.00),
(N'DON1282', N'MA116', 1, 35000.00),
(N'DON1283', N'MA113', 1, 250000.00),
(N'DON1283', N'MA115', 2, 25000.00),
(N'DON1284', N'MA105', 1, 350000.00),
(N'DON1284', N'MA115', 1, 25000.00),
(N'DON1285', N'MA118', 1, 380000.00),
(N'DON1285', N'MA112', 2, 35000.00),
(N'DON1286', N'MA108', 1, 60000.00),
(N'DON1286', N'MA104', 2, 3000.00),
(N'DON1287', N'MA110', 1, 65000.00),
(N'DON1287', N'MA115', 2, 25000.00);
GO

INSERT INTO HoaDon (maHD, ngayLap, tongTien, trangThai, hinhThucThanhToan, tienKhachDua, maNV, maKM, maDon) VALUES
(N'HD2511011101', '2025-11-01 12:30:00', 145000.00, N'Đã thanh toán', N'Tiền mặt', 150000.00, N'NV01102', NULL, N'DON1101'),
(N'HD2511011102', '2025-11-01 14:00:00', 135000.00, N'Đã thanh toán', N'Chuyển khoản', 135000.00, N'NV01103', NULL, N'DON1102'),
(N'HD2511011103', '2025-11-01 19:30:00', 140000.00, N'Đã thanh toán', N'Tiền mặt', 140000.00, N'NV01104', NULL, N'DON1103'),
(N'HD2511011104', '2025-11-01 20:30:00', 280000.00, N'Đã thanh toán', N'Chuyển khoản', 280000.00, N'NV01104', NULL, N'DON1104'),
(N'HD2511021105', '2025-11-02 12:45:00', 100000.00, N'Đã thanh toán', N'Tiền mặt', 100000.00, N'NV01102', NULL, N'DON1105'),
(N'HD2511021106', '2025-11-02 13:30:00', 155000.00, N'Đã thanh toán', N'Chuyển khoản', 155000.00, N'NV01104', NULL, N'DON1106'),
(N'HD2511021107', '2025-11-02 19:00:00', 71000.00, N'Đã thanh toán', N'Tiền mặt', 80000.00, N'NV01103', NULL, N'DON1107'),
(N'HD2511021108', '2025-11-02 21:00:00', 145000.00, N'Đã thanh toán', N'Chuyển khoản', 145000.00, N'NV01103', NULL, N'DON1108'),
(N'HD2511031109', '2025-11-03 13:00:00', 280000.00, N'Đã thanh toán', N'Tiền mặt', 280000.00, N'NV01103', NULL, N'DON1109'),
(N'HD2511031110', '2025-11-03 14:15:00', 75000.00, N'Đã thanh toán', N'Chuyển khoản', 75000.00, N'NV01105', NULL, N'DON1110'),
(N'HD2511031111', '2025-11-03 19:45:00', 110000.00, N'Đã thanh toán', N'Tiền mặt', 110000.00, N'NV01102', NULL, N'DON1111'),
(N'HD2511031112', '2025-11-03 21:15:00', 155000.00, N'Đã thanh toán', N'Chuyển khoản', 155000.00, N'NV01104', NULL, N'DON1112'),
(N'HD2511041113', '2025-11-04 12:30:00', 56000.00, N'Đã thanh toán', N'Tiền mặt', 60000.00, N'NV01102', NULL, N'DON1113'),
(N'HD2511041114', '2025-11-04 14:00:00', 115000.00, N'Đã thanh toán', N'Chuyển khoản', 115000.00, N'NV01103', NULL, N'DON1114'),
(N'HD2511041115', '2025-11-04 19:15:00', 280000.00, N'Đã thanh toán', N'Tiền mặt', 280000.00, N'NV01104', NULL, N'DON1115'),
(N'HD2511041116', '2025-11-04 20:45:00', 140000.00, N'Đã thanh toán', N'Chuyển khoản', 140000.00, N'NV01105', NULL, N'DON1116'),
(N'HD2511051117', '2025-11-05 13:00:00', 100000.00, N'Đã thanh toán', N'Tiền mặt', 100000.00, N'NV01102', NULL, N'DON1117'),
(N'HD2511051118', '2025-11-05 14:30:00', 170000.00, N'Đã thanh toán', N'Chuyển khoản', 170000.00, N'NV01104', NULL, N'DON1118'),
(N'HD2511051119', '2025-11-05 19:30:00', 256000.00, N'Đã thanh toán', N'Tiền mặt', 260000.00, N'NV01103', NULL, N'DON1119'),
(N'HD2511051120', '2025-11-05 21:00:00', 375000.00, N'Đã thanh toán', N'Chuyển khoản', 375000.00, N'NV02101', NULL, N'DON1120'),
(N'HD2511061121', '2025-11-06 12:45:00', 150000.00, N'Đã thanh toán', N'Tiền mặt', 150000.00, N'NV01103', NULL, N'DON1121'),
(N'HD2511061122', '2025-11-06 13:45:00', 135000.00, N'Đã thanh toán', N'Chuyển khoản', 135000.00, N'NV01105', NULL, N'DON1122'),
(N'HD2511061123', '2025-11-06 19:00:00', 140000.00, N'Đã thanh toán', N'Tiền mặt', 140000.00, N'NV01102', NULL, N'DON1123'),
(N'HD2511061124', '2025-11-06 20:30:00', 275000.00, N'Đã thanh toán', N'Chuyển khoản', 275000.00, N'NV01104', NULL, N'DON1124'),
(N'HD2511071125', '2025-11-07 12:30:00', 56000.00, N'Đã thanh toán', N'Tiền mặt', 60000.00, N'NV01102', NULL, N'DON1125'),
(N'HD2511071126', '2025-11-07 13:30:00', 110000.00, N'Đã thanh toán', N'Chuyển khoản', 110000.00, N'NV01103', NULL, N'DON1126'),
(N'HD2511071127', '2025-11-07 19:00:00', 165000.00, N'Đã thanh toán', N'Tiền mặt', 165000.00, N'NV01104', NULL, N'DON1127'),
(N'HD2511071128', '2025-11-07 20:45:00', 150000.00, N'Đã thanh toán', N'Chuyển khoản', 150000.00, N'NV01105', NULL, N'DON1128'),
(N'HD2511081129', '2025-11-08 13:00:00', 75000.00, N'Đã thanh toán', N'Tiền mặt', 80000.00, N'NV01102', NULL, N'DON1129'),
(N'HD2511081130', '2025-11-08 14:15:00', 275000.00, N'Đã thanh toán', N'Chuyển khoản', 275000.00, N'NV01104', NULL, N'DON1130'),
(N'HD2511081131', '2025-11-08 19:30:00', 126000.00, N'Đã thanh toán', N'Tiền mặt', 130000.00, N'NV01103', NULL, N'DON1131'),
(N'HD2511081132', '2025-11-08 21:00:00', 100000.00, N'Đã thanh toán', N'Chuyển khoản', 100000.00, N'NV01105', NULL, N'DON1132'),
(N'HD2511091133', '2025-11-09 12:45:00', 170000.00, N'Đã thanh toán', N'Tiền mặt', 170000.00, N'NV01103', NULL, N'DON1133'),
(N'HD2511091134', '2025-11-09 13:45:00', 280000.00, N'Đã thanh toán', N'Chuyển khoản', 280000.00, N'NV01105', NULL, N'DON1134'),
(N'HD2511091135', '2025-11-09 19:00:00', 360000.00, N'Đã thanh toán', N'Tiền mặt', 360000.00, N'NV01102', NULL, N'DON1135'),
(N'HD2511091136', '2025-11-09 20:30:00', 110000.00, N'Đã thanh toán', N'Chuyển khoản', 110000.00, N'NV01104', NULL, N'DON1136'),
(N'HD2511101137', '2025-11-10 13:00:00', 165000.00, N'Đã thanh toán', N'Tiền mặt', 165000.00, N'NV01102', NULL, N'DON1137'),
(N'HD2511101138', '2025-11-10 14:00:00', 126000.00, N'Đã thanh toán', N'Chuyển khoản', 126000.00, N'NV01103', NULL, N'DON1138'),
(N'HD2511101139', '2025-11-10 19:30:00', 275000.00, N'Đã thanh toán', N'Tiền mặt', 280000.00, N'NV01104', NULL, N'DON1139'),
(N'HD2511101140', '2025-11-10 21:00:00', 450000.00, N'Đã thanh toán', N'Chuyển khoản', 450000.00, N'NV01105', NULL, N'DON1140'),
(N'HD2511111141', '2025-11-11 12:30:00', 75000.00, N'Đã thanh toán', N'Tiền mặt', 80000.00, N'NV01102', NULL, N'DON1141'),
(N'HD2511111142', '2025-11-11 13:30:00', 140000.00, N'Đã thanh toán', N'Chuyển khoản', 140000.00, N'NV01104', NULL, N'DON1142'),
(N'HD2511111143', '2025-11-11 19:00:00', 95000.00, N'Đã thanh toán', N'Tiền mặt', 100000.00, N'NV01103', NULL, N'DON1143'),
(N'HD2511111144', '2025-11-11 20:45:00', 155000.00, N'Đã thanh toán', N'Chuyển khoản', 155000.00, N'NV02101', NULL, N'DON1144'),
(N'HD2511121145', '2025-11-12 13:00:00', 300000.00, N'Đã thanh toán', N'Tiền mặt', 300000.00, N'NV01103', NULL, N'DON1145'),
(N'HD2511121146', '2025-11-12 14:00:00', 66000.00, N'Đã thanh toán', N'Chuyển khoản', 66000.00, N'NV01105', NULL, N'DON1146'),
(N'HD2511121147', '2025-11-12 19:30:00', 155000.00, N'Đã thanh toán', N'Tiền mặt', 160000.00, N'NV01102', NULL, N'DON1147'),
(N'HD2511121148', '2025-11-12 21:00:00', 150000.00, N'Đã thanh toán', N'Chuyển khoản', 150000.00, N'NV01104', NULL, N'DON1148'),
(N'HD2511131149', '2025-11-13 12:45:00', 75000.00, N'Đã thanh toán', N'Tiền mặt', 80000.00, N'NV01102', NULL, N'DON1149'),
(N'HD2511131150', '2025-11-13 13:45:00', 275000.00, N'Đã thanh toán', N'Chuyển khoản', 275000.00, N'NV01103', NULL, N'DON1150'),
(N'HD2511131151', '2025-11-13 19:00:00', 115000.00, N'Đã thanh toán', N'Tiền mặt', 120000.00, N'NV01104', NULL, N'DON1151'),
(N'HD2511131152', '2025-11-13 20:15:00', 140000.00, N'Đã thanh toán', N'Chuyển khoản', 140000.00, N'NV01105', NULL, N'DON1152'),
(N'HD2511141153', '2025-11-14 12:45:00', 320000.00, N'Đã thanh toán', N'Chuyển khoản', 320000.00, N'NV01102', NULL, N'DON1153'),
(N'HD2511141154', '2025-11-14 14:00:00', 353000.00, N'Đã thanh toán', N'Tiền mặt', 360000.00, N'NV01104', NULL, N'DON1154'),
(N'HD2511141155', '2025-11-14 19:15:00', 145000.00, N'Đã thanh toán', N'Tiền mặt', 150000.00, N'NV01103', NULL, N'DON1155'),
(N'HD2511141156', '2025-11-14 20:30:00', 75000.00, N'Đã thanh toán', N'Chuyển khoản', 75000.00, N'NV01105', NULL, N'DON1156'),
(N'HD2511151157', '2025-11-15 13:00:00', 150000.00, N'Đã thanh toán', N'Tiền mặt', 150000.00, N'NV01103', NULL, N'DON1157'),
(N'HD2511151158', '2025-11-15 14:15:00', 256000.00, N'Đã thanh toán', N'Chuyển khoản', 256000.00, N'NV01105', NULL, N'DON1158'),
(N'HD2511151159', '2025-11-15 19:30:00', 53000.00, N'Đã thanh toán', N'Tiền mặt', 60000.00, N'NV01102', NULL, N'DON1159'),
(N'HD2511151160', '2025-11-15 20:45:00', 110000.00, N'Đã thanh toán', N'Chuyển khoản', 110000.00, N'NV01104', NULL, N'DON1160'),
(N'HD2511161161', '2025-11-16 12:30:00', 140000.00, N'Đã thanh toán', N'Tiền mặt', 140000.00, N'NV01102', NULL, N'DON1161'),
(N'HD2511161162', '2025-11-16 13:45:00', 155000.00, N'Đã thanh toán', N'Chuyển khoản', 155000.00, N'NV01103', NULL, N'DON1162'),
(N'HD2511161163', '2025-11-16 19:00:00', 275000.00, N'Đã thanh toán', N'Tiền mặt', 280000.00, N'NV01104', NULL, N'DON1163'),
(N'HD2511161164', '2025-11-16 20:30:00', 450000.00, N'Đã thanh toán', N'Chuyển khoản', 450000.00, N'NV01105', NULL, N'DON1164'),
(N'HD2511171165', '2025-11-17 13:00:00', 126000.00, N'Đã thanh toán', N'Tiền mặt', 130000.00, N'NV01102', NULL, N'DON1165'),
(N'HD2511171166', '2025-11-17 14:00:00', 80000.00, N'Đã thanh toán', N'Chuyển khoản', 80000.00, N'NV01104', NULL, N'DON1166'),
(N'HD2511171167', '2025-11-17 19:30:00', 140000.00, N'Đã thanh toán', N'Tiền mặt', 140000.00, N'NV01103', NULL, N'DON1167'),
(N'HD2511171168', '2025-11-17 21:00:00', 280000.00, N'Đã thanh toán', N'Chuyển khoản', 280000.00, N'NV02101', NULL, N'DON1168'),
(N'HD2511181169', '2025-11-18 12:45:00', 56000.00, N'Đã thanh toán', N'Tiền mặt', 60000.00, N'NV01103', NULL, N'DON1169'),
(N'HD2511181170', '2025-11-18 13:45:00', 90000.00, N'Đã thanh toán', N'Chuyển khoản', 90000.00, N'NV01105', NULL, N'DON1170'),
(N'HD2511181171', '2025-11-18 19:00:00', 155000.00, N'Đã thanh toán', N'Tiền mặt', 160000.00, N'NV01102', NULL, N'DON1171'),
(N'HD2511181172', '2025-11-18 20:30:00', 126000.00, N'Đã thanh toán', N'Chuyển khoản', 126000.00, N'NV01104', NULL, N'DON1172'),
(N'HD2511191173', '2025-11-19 13:00:00', 300000.00, N'Đã thanh toán', N'Tiền mặt', 300000.00, N'NV01102', NULL, N'DON1173'),
(N'HD2511191174', '2025-11-19 14:15:00', 60000.00, N'Đã thanh toán', N'Chuyển khoản', 60000.00, N'NV01103', NULL, N'DON1174'),
(N'HD2511191175', '2025-11-19 19:30:00', 110000.00, N'Đã thanh toán', N'Tiền mặt', 110000.00, N'NV01104', NULL, N'DON1175'),
(N'HD2511191176', '2025-11-19 20:45:00', 95000.00, N'Đã thanh toán', N'Tiền mặt', 100000.00, N'NV01105', NULL, N'DON1176'),
(N'HD2511201177', '2025-11-20 12:30:00', 190000.00, N'Đã thanh toán', N'Chuyển khoản', 190000.00, N'NV01102', NULL, N'DON1177'),
(N'HD2511201178', '2025-11-20 13:45:00', 256000.00, N'Đã thanh toán', N'Tiền mặt', 260000.00, N'NV01104', NULL, N'DON1178'),
(N'HD2511201179', '2025-11-20 19:00:00', 75000.00, N'Đã thanh toán', N'Chuyển khoản', 75000.00, N'NV01103', NULL, N'DON1179'),
(N'HD2511201180', '2025-11-20 20:30:00', 130000.00, N'Đã thanh toán', N'Tiền mặt', 130000.00, N'NV01105', NULL, N'DON1180'),
(N'HD2511211181', '2025-11-21 13:00:00', 115000.00, N'Đã thanh toán', N'Chuyển khoản', 115000.00, N'NV01103', NULL, N'DON1181'),
(N'HD2511211182', '2025-11-21 14:15:00', 150000.00, N'Đã thanh toán', N'Tiền mặt', 150000.00, N'NV01105', NULL, N'DON1182'),
(N'HD2511211183', '2025-11-21 19:30:00', 275000.00, N'Đã thanh toán', N'Chuyển khoản', 275000.00, N'NV01102', NULL, N'DON1183'),
(N'HD2511211184', '2025-11-21 21:00:00', 440000.00, N'Đã thanh toán', N'Tiền mặt', 440000.00, N'NV01104', NULL, N'DON1184'),
(N'HD2511221185', '2025-11-22 12:45:00', 56000.00, N'Đã thanh toán', N'Chuyển khoản', 56000.00, N'NV01102', NULL, N'DON1185'),
(N'HD2511221186', '2025-11-22 14:00:00', 105000.00, N'Đã thanh toán', N'Tiền mặt', 110000.00, N'NV01103', NULL, N'DON1186'),
(N'HD2511221187', '2025-11-22 19:15:00', 140000.00, N'Đã thanh toán', N'Chuyển khoản', 140000.00, N'NV01104', NULL, N'DON1187'),
(N'HD2511221188', '2025-11-22 20:45:00', 285000.00, N'Đã thanh toán', N'Tiền mặt', 290000.00, N'NV01105', NULL, N'DON1188'),
(N'HD2511231189', '2025-11-23 12:30:00', 420000.00, N'Đã thanh toán', N'Chuyển khoản', 420000.00, N'NV01102', NULL, N'DON1189'),
(N'HD2511231190', '2025-11-23 13:45:00', 90000.00, N'Đã thanh toán', N'Tiền mặt', 90000.00, N'NV01104', NULL, N'DON1190'),
(N'HD2511231191', '2025-11-23 19:00:00', 126000.00, N'Đã thanh toán', N'Chuyển khoản', 126000.00, N'NV01103', NULL, N'DON1191'),
(N'HD2511231192', '2025-11-23 20:30:00', 150000.00, N'Đã thanh toán', N'Tiền mặt', 150000.00, N'NV02101', NULL, N'DON1192'),
(N'HD2511241193', '2025-11-24 13:00:00', 300000.00, N'Đã thanh toán', N'Chuyển khoản', 300000.00, N'NV01103', NULL, N'DON1193'),
(N'HD2511241194', '2025-11-24 14:15:00', 383000.00, N'Đã thanh toán', N'Tiền mặt', 390000.00, N'NV01105', NULL, N'DON1194'),
(N'HD2511241195', '2025-11-24 19:30:00', 110000.00, N'Đã thanh toán', N'Chuyển khoản', 110000.00, N'NV01102', NULL, N'DON1195'),
(N'HD2511241196', '2025-11-24 21:00:00', 75000.00, N'Đã thanh toán', N'Tiền mặt', 80000.00, N'NV01104', NULL, N'DON1196'),
(N'HD2511251197', '2025-11-25 12:45:00', 165000.00, N'Đã thanh toán', N'Chuyển khoản', 165000.00, N'NV01102', NULL, N'DON1197'),
(N'HD2511251198', '2025-11-25 14:00:00', 145000.00, N'Đã thanh toán', N'Tiền mặt', 150000.00, N'NV01103', NULL, N'DON1198'),
(N'HD2511251199', '2025-11-25 19:15:00', 280000.00, N'Đã thanh toán', N'Chuyển khoản', 280000.00, N'NV01104', NULL, N'DON1199'),
(N'HD2511251200', '2025-11-25 20:45:00', 56000.00, N'Đã thanh toán', N'Tiền mặt', 60000.00, N'NV01105', NULL, N'DON1200'),
(N'HD2511261201', '2025-11-26 12:30:00', 110000.00, N'Đã thanh toán', N'Tiền mặt', 110000.00, N'NV01102', NULL, N'DON1201'),
(N'HD2511261202', '2025-11-26 13:45:00', 100000.00, N'Đã thanh toán', N'Chuyển khoản', 100000.00, N'NV01104', NULL, N'DON1202'),
(N'HD2511261203', '2025-11-26 19:00:00', 140000.00, N'Đã thanh toán', N'Tiền mặt', 140000.00, N'NV01103', NULL, N'DON1203'),
(N'HD2511261204', '2025-11-26 20:30:00', 280000.00, N'Đã thanh toán', N'Chuyển khoản', 280000.00, N'NV01105', NULL, N'DON1204'),
(N'HD2511271205', '2025-11-27 13:00:00', 375000.00, N'Đã thanh toán', N'Tiền mặt', 380000.00, N'NV01103', NULL, N'DON1205'),
(N'HD2511271206', '2025-11-27 14:15:00', 450000.00, N'Đã thanh toán', N'Chuyển khoản', 450000.00, N'NV01105', NULL, N'DON1206'),
(N'HD2511271207', '2025-11-27 19:30:00', 126000.00, N'Đã thanh toán', N'Tiền mặt', 130000.00, N'NV01102', NULL, N'DON1207'),
(N'HD2511271208', '2025-11-27 21:00:00', 105000.00, N'Đã thanh toán', N'Chuyển khoản', 105000.00, N'NV01104', NULL, N'DON1208'),
(N'HD2511281209', '2025-11-28 12:45:00', 155000.00, N'Đã thanh toán', N'Tiền mặt', 160000.00, N'NV01102', NULL, N'DON1209'),
(N'HD2511281210', '2025-11-28 14:00:00', 275000.00, N'Đã thanh toán', N'Chuyển khoản', 275000.00, N'NV01103', NULL, N'DON1210'),
(N'HD2511281211', '2025-11-28 19:15:00', 56000.00, N'Đã thanh toán', N'Tiền mặt', 60000.00, N'NV01104', NULL, N'DON1211'),
(N'HD2511281212', '2025-11-28 20:45:00', 115000.00, N'Đã thanh toán', N'Chuyển khoản', 115000.00, N'NV01105', NULL, N'DON1212'),
(N'HD2511291213', '2025-11-29 12:30:00', 150000.00, N'Đã thanh toán', N'Tiền mặt', 150000.00, N'NV01102', NULL, N'DON1213'),
(N'HD2511291214', '2025-11-29 13:45:00', 140000.00, N'Đã thanh toán', N'Chuyển khoản', 140000.00, N'NV01104', NULL, N'DON1214'),
(N'HD2511291215', '2025-11-29 19:00:00', 285000.00, N'Đã thanh toán', N'Tiền mặt', 290000.00, N'NV01103', NULL, N'DON1215'),
(N'HD2511291216', '2025-11-29 20:30:00', 75000.00, N'Đã thanh toán', N'Chuyển khoản', 75000.00, N'NV02101', NULL, N'DON1216'),
(N'HD2511301217', '2025-11-30 13:00:00', 66000.00, N'Đã thanh toán', N'Tiền mặt', 70000.00, N'NV01103', NULL, N'DON1217'),
(N'HD2511301218', '2025-11-30 14:15:00', 155000.00, N'Đã thanh toán', N'Chuyển khoản', 155000.00, N'NV01105', NULL, N'DON1218'),
(N'HD2511301219', '2025-11-30 19:30:00', 150000.00, N'Đã thanh toán', N'Tiền mặt', 150000.00, N'NV01102', NULL, N'DON1219'),
(N'HD2511301220', '2025-11-30 21:00:00', 300000.00, N'Đã thanh toán', N'Chuyển khoản', 300000.00, N'NV01104', NULL, N'DON1220'),
(N'HD2512011221', '2025-12-01 12:30:00', 60000.00, N'Đã thanh toán', N'Tiền mặt', 60000.00, N'NV01102', NULL, N'DON1221'),
(N'HD2512011222', '2025-12-01 13:45:00', 105000.00, N'Đã thanh toán', N'Chuyển khoản', 105000.00, N'NV01103', NULL, N'DON1222'),
(N'HD2512011223', '2025-12-01 19:00:00', 155000.00, N'Đã thanh toán', N'Tiền mặt', 160000.00, N'NV01104', NULL, N'DON1223'),
(N'HD2512011224', '2025-12-01 20:30:00', 126000.00, N'Đã thanh toán', N'Chuyển khoản', 126000.00, N'NV01105', NULL, N'DON1224'),
(N'HD2512021225', '2025-12-02 13:00:00', 280000.00, N'Đã thanh toán', N'Tiền mặt', 280000.00, N'NV01102', NULL, N'DON1225'),
(N'HD2512021226', '2025-12-02 14:15:00', 90000.00, N'Đã thanh toán', N'Chuyển khoản', 90000.00, N'NV01104', NULL, N'DON1226'),
(N'HD2512021227', '2025-12-02 19:00:00', 155000.00, N'Đã thanh toán', N'Tiền mặt', 160000.00, N'NV01103', NULL, N'DON1227'),
(N'HD2512021228', '2025-12-02 20:30:00', 140000.00, N'Đã thanh toán', N'Chuyển khoản', 140000.00, N'NV01105', NULL, N'DON1228'),
(N'HD2512031229', '2025-12-03 12:45:00', 280000.00, N'Đã thanh toán', N'Tiền mặt', 280000.00, N'NV01103', NULL, N'DON1229'),
(N'HD2512031230', '2025-12-03 14:00:00', 400000.00, N'Đã thanh toán', N'Chuyển khoản', 400000.00, N'NV01105', NULL, N'DON1230'),
(N'HD2512031231', '2025-12-03 19:15:00', 56000.00, N'Đã thanh toán', N'Tiền mặt', 60000.00, N'NV01102', NULL, N'DON1231'),
(N'HD2512031232', '2025-12-03 20:45:00', 105000.00, N'Đã thanh toán', N'Chuyển khoản', 105000.00, N'NV01104', NULL, N'DON1232'),
(N'HD2512041233', '2025-12-04 12:30:00', 155000.00, N'Đã thanh toán', N'Tiền mặt', 160000.00, N'NV01102', NULL, N'DON1233'),
(N'HD2512041234', '2025-12-04 13:45:00', 126000.00, N'Đã thanh toán', N'Chuyển khoản', 126000.00, N'NV01103', NULL, N'DON1234'),
(N'HD2512041235', '2025-12-04 19:00:00', 275000.00, N'Đã thanh toán', N'Tiền mặt', 280000.00, N'NV01104', NULL, N'DON1235'),
(N'HD2512041236', '2025-12-04 20:30:00', 95000.00, N'Đã thanh toán', N'Chuyển khoản', 95000.00, N'NV01105', NULL, N'DON1236'),
(N'HD2512051237', '2025-12-05 13:00:00', 80000.00, N'Đã thanh toán', N'Tiền mặt', 80000.00, N'NV01102', NULL, N'DON1237'),
(N'HD2512051238', '2025-12-05 14:15:00', 135000.00, N'Đã thanh toán', N'Chuyển khoản', 135000.00, N'NV01104', NULL, N'DON1238'),
(N'HD2512051239', '2025-12-05 19:30:00', 155000.00, N'Đã thanh toán', N'Tiền mặt', 160000.00, N'NV01103', NULL, N'DON1239'),
(N'HD2512051240', '2025-12-05 21:00:00', 280000.00, N'Đã thanh toán', N'Chuyển khoản', 280000.00, N'NV02101', NULL, N'DON1240'),
(N'HD2512061241', '2025-12-06 12:45:00', 75000.00, N'Đã thanh toán', N'Tiền mặt', 80000.00, N'NV01103', NULL, N'DON1241'),
(N'HD2512061242', '2025-12-06 14:00:00', 126000.00, N'Đã thanh toán', N'Chuyển khoản', 126000.00, N'NV01105', NULL, N'DON1242'),
(N'HD2512061243', '2025-12-06 19:15:00', 135000.00, N'Đã thanh toán', N'Tiền mặt', 140000.00, N'NV01102', NULL, N'DON1243'),
(N'HD2512061244', '2025-12-06 20:45:00', 145000.00, N'Đã thanh toán', N'Chuyển khoản', 145000.00, N'NV01104', NULL, N'DON1244'),
(N'HD2512071245', '2025-12-07 12:30:00', 270000.00, N'Đã thanh toán', N'Tiền mặt', 270000.00, N'NV01102', NULL, N'DON1245'),
(N'HD2512071246', '2025-12-07 13:45:00', 90000.00, N'Đã thanh toán', N'Chuyển khoản', 90000.00, N'NV01103', NULL, N'DON1246'),
(N'HD2512071247', '2025-12-07 19:00:00', 105000.00, N'Đã thanh toán', N'Tiền mặt', 110000.00, N'NV01104', NULL, N'DON1247'),
(N'HD2512071248', '2025-12-07 20:30:00', 155000.00, N'Đã thanh toán', N'Chuyển khoản', 155000.00, N'NV01105', NULL, N'DON1248'),
(N'HD2512081249', '2025-12-08 13:00:00', 275000.00, N'Đã thanh toán', N'Tiền mặt', 280000.00, N'NV01102', NULL, N'DON1249'),
(N'HD2512081250', '2025-12-08 14:15:00', 450000.00, N'Đã thanh toán', N'Chuyển khoản', 450000.00, N'NV01104', NULL, N'DON1250'),
(N'HD2512091251', '2025-12-09 12:15:00', 410000.00, N'Đã thanh toán', N'Tiền mặt', 410000.00, N'NV01103', NULL, N'DON1251'),
(N'HD2512091252', '2025-12-09 13:30:00', 115000.00, N'Đã thanh toán', N'Chuyển khoản', 115000.00, N'NV01105', NULL, N'DON1252'),
(N'HD2512091253', '2025-12-09 18:45:00', 155000.00, N'Đã thanh toán', N'Tiền mặt', 160000.00, N'NV01102', NULL, N'DON1253'),
(N'HD2512091254', '2025-12-09 20:15:00', 275000.00, N'Đã thanh toán', N'Chuyển khoản', 275000.00, N'NV01104', NULL, N'DON1254'),
(N'HD2512101255', '2025-12-10 12:00:00', 410000.00, N'Đã thanh toán', N'Tiền mặt', 410000.00, N'NV01102', NULL, N'DON1255'),
(N'HD2512101256', '2025-12-10 13:15:00', 56000.00, N'Đã thanh toán', N'Chuyển khoản', 56000.00, N'NV01104', NULL, N'DON1256'),
(N'HD2512101257', '2025-12-10 18:30:00', 145000.00, N'Đã thanh toán', N'Tiền mặt', 150000.00, N'NV01103', NULL, N'DON1257'),
(N'HD2512101258', '2025-12-10 20:00:00', 75000.00, N'Đã thanh toán', N'Chuyển khoản', 75000.00, N'NV01105', NULL, N'DON1258'),
(N'HD2512111259', '2025-12-11 12:30:00', 155000.00, N'Đã thanh toán', N'Tiền mặt', 160000.00, N'NV01103', NULL, N'DON1259'),
(N'HD2512111260', '2025-12-11 13:45:00', 300000.00, N'Đã thanh toán', N'Chuyển khoản', 300000.00, N'NV01105', NULL, N'DON1260'),
(N'HD2512111261', '2025-12-11 19:00:00', 75000.00, N'Đã thanh toán', N'Tiền mặt', 80000.00, N'NV01102', NULL, N'DON1261'),
(N'HD2512111262', '2025-12-11 20:30:00', 126000.00, N'Đã thanh toán', N'Chuyển khoản', 126000.00, N'NV01104', NULL, N'DON1262'),
(N'HD2512121263', '2025-12-12 12:15:00', 95000.00, N'Đã thanh toán', N'Tiền mặt', 100000.00, N'NV01102', NULL, N'DON1263'),
(N'HD2512121264', '2025-12-12 13:30:00', 170000.00, N'Đã thanh toán', N'Chuyển khoản', 170000.00, N'NV01103', NULL, N'DON1264'),
(N'HD2512121265', '2025-12-12 18:45:00', 285000.00, N'Đã thanh toán', N'Tiền mặt', 290000.00, N'NV01104', NULL, N'DON1265'),
(N'HD2512121266', '2025-12-12 20:15:00', 70000.00, N'Đã thanh toán', N'Chuyển khoản', 70000.00, N'NV01105', NULL, N'DON1266'),
(N'HD2512131267', '2025-12-13 12:00:00', 105000.00, N'Đã thanh toán', N'Tiền mặt', 110000.00, N'NV01102', NULL, N'DON1267'),
(N'HD2512131268', '2025-12-13 13:15:00', 150000.00, N'Đã thanh toán', N'Chuyển khoản', 150000.00, N'NV01104', NULL, N'DON1268'),
(N'HD2512131269', '2025-12-13 18:30:00', 256000.00, N'Đã thanh toán', N'Tiền mặt', 260000.00, N'NV01103', NULL, N'DON1269'),
(N'HD2512131270', '2025-12-13 20:00:00', 375000.00, N'Đã thanh toán', N'Chuyển khoản', 375000.00, N'NV01105', NULL, N'DON1270'),
(N'HD2512141271', '2025-12-14 12:30:00', 100000.00, N'Đã thanh toán', N'Tiền mặt', 100000.00, N'NV01103', NULL, N'DON1271'),
(N'HD2512141272', '2025-12-14 13:45:00', 145000.00, N'Đã thanh toán', N'Chuyển khoản', 145000.00, N'NV01105', NULL, N'DON1272'),
(N'HD2512141273', '2025-12-14 19:00:00', 140000.00, N'Đã thanh toán', N'Tiền mặt', 140000.00, N'NV01102', NULL, N'DON1273'),
(N'HD2512141274', '2025-12-14 20:30:00', 280000.00, N'Đã thanh toán', N'Chuyển khoản', 280000.00, N'NV01104', NULL, N'DON1274'),
(N'HD2512151275', '2025-12-15 12:15:00', 450000.00, N'Đã thanh toán', N'Tiền mặt', 450000.00, N'NV02101', NULL, N'DON1275'),
(N'HD2512151276', '2025-12-15 12:30:00', 75000.00, N'Đã thanh toán', N'Tiền mặt', 80000.00, N'NV01103', NULL, N'DON1276'),
(N'HD2512151277', '2025-12-15 13:45:00', 135000.00, N'Đã thanh toán', N'Chuyển khoản', 135000.00, N'NV01105', NULL, N'DON1277'),
(N'HD2512151278', '2025-12-15 19:00:00', 140000.00, N'Đã thanh toán', N'Tiền mặt', 140000.00, N'NV01102', NULL, N'DON1278'),
(N'HD2512151279', '2025-12-15 20:30:00', 280000.00, N'Đã thanh toán', N'Chuyển khoản', 280000.00, N'NV01104', NULL, N'DON1279'),
(N'HD2512161280', '2025-12-16 13:00:00', 145000.00, N'Đã thanh toán', N'Tiền mặt', 150000.00, N'NV01102', NULL, N'DON1280'),
(N'HD2512161281', '2025-12-16 14:15:00', 61000.00, N'Đã thanh toán', N'Chuyển khoản', 61000.00, N'NV01103', NULL, N'DON1281'),
(N'HD2512161282', '2025-12-16 19:30:00', 155000.00, N'Đã thanh toán', N'Tiền mặt', 160000.00, N'NV01104', NULL, N'DON1282'),
(N'HD2512161283', '2025-12-16 21:00:00', 300000.00, N'Đã thanh toán', N'Chuyển khoản', 300000.00, N'NV01105', NULL, N'DON1283'),
(N'HD2512171284', '2025-12-17 12:45:00', 375000.00, N'Đã thanh toán', N'Tiền mặt', 380000.00, N'NV01102', NULL, N'DON1284'),
(N'HD2512171285', '2025-12-17 14:00:00', 450000.00, N'Đã thanh toán', N'Chuyển khoản', 450000.00, N'NV01104', NULL, N'DON1285'),
(N'HD2512171286', '2025-12-17 19:15:00', 66000.00, N'Đã thanh toán', N'Tiền mặt', 70000.00, N'NV01103', NULL, N'DON1286'),
(N'HD2512171287', '2025-12-17 20:45:00', 115000.00, N'Đã thanh toán', N'Chuyển khoản', 115000.00, N'NV02101', NULL, N'DON1287');
GO

INSERT INTO DonDatMon (maDon, ngayKhoiTao, thoiGianDen, trangThai, maNV, maKH, maBan) VALUES
-- Ngày 18/12/2025 (5 đơn)
(N'DON1288', '2025-12-18 12:00:00', '2025-12-18 12:00:00', N'Đã thanh toán', N'NV01103', N'KH20251025002', N'BAN03'),
(N'DON1289', '2025-12-18 13:15:00', '2025-12-18 13:15:00', N'Đã thanh toán', N'NV01105', N'KH20251025003', N'BAN04'),
(N'DON1290', '2025-12-18 18:30:00', '2025-12-18 18:30:00', N'Đã thanh toán', N'NV01102', N'KH20251025004', N'BAN05'),
(N'DON1291', '2025-12-18 20:00:00', '2025-12-18 20:00:00', N'Đã thanh toán', N'NV01104', N'KH20251025005', N'BAN01'),
(N'DON1292', '2025-12-18 21:00:00', '2025-12-18 21:00:00', N'Đã thanh toán', N'NV02101', N'KH20251025006', N'BAN02'),
-- Ngày 19/12/2025 (5 đơn)
(N'DON1293', '2025-12-19 12:30:00', '2025-12-19 12:30:00', N'Đã thanh toán', N'NV01103', N'KH20251025007', N'BAN03'),
(N'DON1294', '2025-12-19 13:45:00', '2025-12-19 13:45:00', N'Đã thanh toán', N'NV01105', N'KH20251025008', N'BAN04'),
(N'DON1295', '2025-12-19 19:00:00', '2025-12-19 19:00:00', N'Đã thanh toán', N'NV01102', N'KH20251025009', N'BAN05'),
(N'DON1296', '2025-12-19 20:30:00', '2025-12-19 20:30:00', N'Đã thanh toán', N'NV01104', N'KH20251025010', N'BAN01'),
(N'DON1297', '2025-12-19 21:30:00', '2025-12-19 21:30:00', N'Đã thanh toán', N'NV01103', N'KH20251025011', N'BAN02'),
-- Ngày 20/12/2025 (5 đơn)
(N'DON1298', '2025-12-20 12:15:00', '2025-12-20 12:15:00', N'Đã thanh toán', N'NV01105', N'KH20251025012', N'BAN03'),
(N'DON1299', '2025-12-20 13:30:00', '2025-12-20 13:30:00', N'Đã thanh toán', N'NV01102', N'KH20251025013', N'BAN04'),
(N'DON1300', '2025-12-20 18:45:00', '2025-12-20 18:45:00', N'Đã thanh toán', N'NV01104', N'KH20251025014', N'BAN05'),
(N'DON1301', '2025-12-20 20:15:00', '2025-12-20 20:15:00', N'Đã thanh toán', N'NV01103', N'KH20251025015', N'BAN01'),
(N'DON1302', '2025-12-20 21:15:00', '2025-12-20 21:15:00', N'Đã thanh toán', N'NV01105', N'KH20251025016', N'BAN02'),
-- Ngày 21/12/2025 (4 đơn)
(N'DON1303', '2025-12-21 12:00:00', '2025-12-21 12:00:00', N'Đã thanh toán', N'NV01102', N'KH20251025017', N'BAN03'),
(N'DON1304', '2025-12-21 13:15:00', '2025-12-21 13:15:00', N'Đã thanh toán', N'NV01104', N'KH20251025018', N'BAN04'),
(N'DON1305', '2025-12-21 18:30:00', '2025-12-21 18:30:00', N'Đã thanh toán', N'NV01103', N'KH20251025019', N'BAN05'),
(N'DON1306', '2025-12-21 20:00:00', '2025-12-21 20:00:00', N'Đã thanh toán', N'NV01105', N'KH20251025020', N'BAN01'),
-- Ngày 22/12/2025 (5 đơn)
(N'DON1307', '2025-12-22 12:30:00', '2025-12-22 12:30:00', N'Đã thanh toán', N'NV01103', N'KH20251025021', N'BAN02'),
(N'DON1308', '2025-12-22 13:45:00', '2025-12-22 13:45:00', N'Đã thanh toán', N'NV01105', N'KH20251025022', N'BAN03'),
(N'DON1309', '2025-12-22 19:00:00', '2025-12-22 19:00:00', N'Đã thanh toán', N'NV01102', N'KH20251025023', N'BAN04'),
(N'DON1310', '2025-12-22 20:30:00', '2025-12-22 20:30:00', N'Đã thanh toán', N'NV01104', N'KH20251025024', N'BAN05'),
(N'DON1311', '2025-12-22 21:30:00', '2025-12-22 21:30:00', N'Đã thanh toán', N'NV01103', N'KH20251025025', N'BAN01');
GO


INSERT INTO ChiTietHoaDon (maDon, maMonAn, soLuong, donGia) VALUES
(N'DON1288', N'MA111', 1, 120000.00), (N'DON1288', N'MA103', 2, 10000.00),
(N'DON1289', N'MA113', 1, 250000.00), (N'DON1289', N'MA117', 1, 30000.00),
(N'DON1290', N'MA105', 1, 350000.00), (N'DON1290', N'MA115', 1, 25000.00),
(N'DON1291', N'MA108', 2, 60000.00), (N'DON1291', N'MA116', 1, 35000.00),
(N'DON1292', N'MA119', 1, 55000.00), (N'DON1292', N'MA104', 2, 3000.00),

(N'DON1293', N'MA110', 1, 65000.00), (N'DON1293', N'MA115', 2, 25000.00),
(N'DON1294', N'MA111', 1, 120000.00), (N'DON1294', N'MA117', 1, 30000.00),
(N'DON1295', N'MA113', 1, 250000.00), (N'DON1295', N'MA103', 2, 10000.00),
(N'DON1296', N'MA101', 1, 50000.00), (N'DON1296', N'MA116', 1, 35000.00),
(N'DON1297', N'MA108', 2, 60000.00), (N'DON1297', N'MA115', 2, 25000.00),

(N'DON1298', N'MA110', 1, 65000.00), (N'DON1298', N'MA104', 2, 3000.00),
(N'DON1299', N'MA111', 1, 120000.00), (N'DON1299', N'MA117', 1, 30000.00),
(N'DON1300', N'MA113', 1, 250000.00), (N'DON1300', N'MA115', 1, 25000.00),
(N'DON1301', N'MA119', 1, 55000.00), (N'DON1301', N'MA103', 2, 10000.00),
(N'DON1302', N'MA108', 2, 60000.00), (N'DON1302', N'MA116', 1, 35000.00),

(N'DON1303', N'MA111', 1, 120000.00), (N'DON1303', N'MA115', 2, 25000.00),
(N'DON1304', N'MA113', 1, 250000.00), (N'DON1304', N'MA104', 2, 3000.00),
(N'DON1305', N'MA105', 1, 350000.00), (N'DON1305', N'MA117', 1, 30000.00),
(N'DON1306', N'MA108', 2, 60000.00), (N'DON1306', N'MA103', 1, 10000.00),

(N'DON1307', N'MA110', 1, 65000.00), (N'DON1307', N'MA116', 2, 35000.00),
(N'DON1308', N'MA111', 1, 120000.00), (N'DON1308', N'MA115', 1, 25000.00),
(N'DON1309', N'MA113', 1, 250000.00), (N'DON1309', N'MA104', 2, 3000.00),
(N'DON1310', N'MA101', 1, 50000.00), (N'DON1310', N'MA117', 1, 30000.00),
(N'DON1311', N'MA108', 2, 60000.00), (N'DON1311', N'MA103', 2, 10000.00);
GO


INSERT INTO HoaDon (maHD, ngayLap, tongTien, trangThai, hinhThucThanhToan, tienKhachDua, maNV, maKM, maDon) VALUES
-- Ngày 18/12/2025
(N'HD2512181288', '2025-12-18 12:30:00', 140000.00, N'Đã thanh toán', N'Tiền mặt', 140000.00, N'NV01103', NULL, N'DON1288'),
(N'HD2512181289', '2025-12-18 13:45:00', 280000.00, N'Đã thanh toán', N'Chuyển khoản', 280000.00, N'NV01105', NULL, N'DON1289'),
(N'HD2512181290', '2025-12-18 19:00:00', 375000.00, N'Đã thanh toán', N'Tiền mặt', 380000.00, N'NV01102', NULL, N'DON1290'),
(N'HD2512181291', '2025-12-18 20:30:00', 155000.00, N'Đã thanh toán', N'Chuyển khoản', 155000.00, N'NV01104', NULL, N'DON1291'),
(N'HD2512181292', '2025-12-18 21:30:00', 61000.00, N'Đã thanh toán', N'Tiền mặt', 70000.00, N'NV02101', NULL, N'DON1292'),
-- Ngày 19/12/2025
(N'HD2512191293', '2025-12-19 13:00:00', 115000.00, N'Đã thanh toán', N'Chuyển khoản', 115000.00, N'NV01103', NULL, N'DON1293'),
(N'HD2512191294', '2025-12-19 14:15:00', 150000.00, N'Đã thanh toán', N'Tiền mặt', 150000.00, N'NV01105', NULL, N'DON1294'),
(N'HD2512191295', '2025-12-19 19:30:00', 270000.00, N'Đã thanh toán', N'Chuyển khoản', 270000.00, N'NV01102', NULL, N'DON1295'),
(N'HD2512191296', '2025-12-19 21:00:00', 85000.00, N'Đã thanh toán', N'Tiền mặt', 90000.00, N'NV01104', NULL, N'DON1296'),
(N'HD2512191297', '2025-12-19 22:00:00', 110000.00, N'Đã thanh toán', N'Chuyển khoản', 110000.00, N'NV01103', NULL, N'DON1297'),
-- Ngày 20/12/2025
(N'HD2512201298', '2025-12-20 12:45:00', 71000.00, N'Đã thanh toán', N'Tiền mặt', 80000.00, N'NV01105', NULL, N'DON1298'),
(N'HD2512201299', '2025-12-20 14:00:00', 150000.00, N'Đã thanh toán', N'Chuyển khoản', 150000.00, N'NV01102', NULL, N'DON1299'),
(N'HD2512201300', '2025-12-20 19:15:00', 275000.00, N'Đã thanh toán', N'Tiền mặt', 280000.00, N'NV01104', NULL, N'DON1300'),
(N'HD2512201301', '2025-12-20 20:45:00', 75000.00, N'Đã thanh toán', N'Chuyển khoản', 75000.00, N'NV01103', NULL, N'DON1301'),
(N'HD2512201302', '2025-12-20 21:45:00', 155000.00, N'Đã thanh toán', N'Tiền mặt', 160000.00, N'NV01105', NULL, N'DON1302'),
-- Ngày 21/12/2025
(N'HD2512211303', '2025-12-21 12:30:00', 170000.00, N'Đã thanh toán', N'Chuyển khoản', 170000.00, N'NV01102', NULL, N'DON1303'),
(N'HD2512211304', '2025-12-21 13:45:00', 256000.00, N'Đã thanh toán', N'Tiền mặt', 260000.00, N'NV01104', NULL, N'DON1304'),
(N'HD2512211305', '2025-12-21 19:00:00', 380000.00, N'Đã thanh toán', N'Chuyển khoản', 380000.00, N'NV01103', NULL, N'DON1305'),
(N'HD2512211306', '2025-12-21 20:30:00', 130000.00, N'Đã thanh toán', N'Tiền mặt', 130000.00, N'NV01105', NULL, N'DON1306'),
-- Ngày 22/12/2025
(N'HD2512221307', '2025-12-22 13:00:00', 135000.00, N'Đã thanh toán', N'Chuyển khoản', 135000.00, N'NV01103', NULL, N'DON1307'),
(N'HD2512221308', '2025-12-22 14:15:00', 145000.00, N'Đã thanh toán', N'Tiền mặt', 150000.00, N'NV01105', NULL, N'DON1308'),
(N'HD2512221309', '2025-12-22 19:30:00', 256000.00, N'Đã thanh toán', N'Chuyển khoản', 256000.00, N'NV01102', NULL, N'DON1309'),
(N'HD2512221310', '2025-12-22 21:00:00', 80000.00, N'Đã thanh toán', N'Tiền mặt', 80000.00, N'NV01104', NULL, N'DON1310'),
(N'HD2512221311', '2025-12-22 22:00:00', 140000.00, N'Đã thanh toán', N'Chuyển khoản', 140000.00, N'NV01103', NULL, N'DON1311');
GO
INSERT INTO GiaoCa (maNV, thoiGianBatDau, thoiGianKetThuc, tienDauCa, tienCuoiCa, tienHeThongTinh, chenhLech, ghiChu) VALUES

(N'NV01102', '2025-11-01 06:08:45', '2025-11-01 14:04:12', 1500000.00, 1585000.00, 85000.00, 0.00, N'Khớp số đầu tiên trong tháng.'), 
(N'NV01103', '2025-11-01 05:51:22', '2025-11-01 13:54:55', 1200000.00, 1306500.00, 105000.00, 1500.00, N'Thừa quỹ 1,500 VNĐ.'), 
(N'NV01104', '2025-11-01 14:03:19', '2025-11-01 22:07:30', 1800000.00, 2245000.00, 450000.00, -5000.00, N'Thiếu quỹ 5,000 VNĐ.'), 
(N'NV01105', '2025-11-01 18:05:01', '2025-11-01 22:01:10', 1000000.00, 1075000.00, 75000.00, 0.00, N'Khớp số.'), 

-- Ngày 02/11/2025 (Chủ Nhật)
(N'NV01102', '2025-11-02 05:52:10', '2025-11-02 13:59:05', 1450000.00, 1607000.00, 155000.00, 2000.00, N'Thừa quỹ 2,000 VNĐ.'),
(N'NV01104', '2025-11-02 06:01:58', '2025-11-02 14:09:47', 1100000.00, 1280000.00, 180000.00, 0.00, N'Khớp số.'),
(N'NV01103', '2025-11-02 14:05:40', '2025-11-02 21:58:15', 1600000.00, 1919000.00, 320000.00, -1000.00, N'Thiếu quỹ 1,000 VNĐ.'),
(N'NV01105', '2025-11-02 05:50:30', '2025-11-02 10:07:05', 1050000.00, 1100000.00, 50000.00, 0.00, N'Khớp số ca part-time.'),

-- Ngày 03/11/2025 (Thứ Hai)
(N'NV01103', '2025-11-03 06:03:03', '2025-11-03 14:08:20', 1350000.00, 1472500.00, 125000.00, -2500.00, N'Thiếu quỹ 2,500 VNĐ.'),
(N'NV01105', '2025-11-03 06:05:45', '2025-11-03 13:50:02', 1700000.00, 1795000.00, 95000.00, 0.00, N'Khớp số.'),
(N'NV01102', '2025-11-03 13:50:18', '2025-11-03 22:03:33', 1900000.00, 2280500.00, 380000.00, 500.00, N'Thừa quỹ 500 VNĐ.'),
(N'NV01104', '2025-11-03 14:07:59', '2025-11-03 21:52:11', 1250000.00, 1670000.00, 420000.00, 0.00, N'Khớp số.'),

-- Ngày 04/11/2025 (Thứ Ba)
(N'NV01102', '2025-11-04 05:58:34', '2025-11-04 14:02:44', 1150000.00, 1225000.00, 75000.00, 0.00, N'Khớp số.'),
(N'NV01103', '2025-11-04 06:04:15', '2025-11-04 13:56:07', 1550000.00, 1664500.00, 115000.00, -500.00, N'Thiếu quỹ 500 VNĐ.'),
(N'NV01104', '2025-11-04 14:01:09', '2025-11-04 22:09:50', 1750000.00, 2151000.00, 400000.00, 1000.00, N'Thừa quỹ 1,000 VNĐ.'),
(N'NV01105', '2025-11-04 17:55:16', '2025-11-04 21:51:39', 1000000.00, 1060000.00, 60000.00, 0.00, N'Khớp số.'),

-- Ngày 05/11/2025 (Thứ Tư)
(N'NV01102', '2025-11-05 06:06:50', '2025-11-05 14:05:08', 1650000.00, 1790000.00, 140000.00, 0.00, N'Khớp số.'),
(N'NV01104', '2025-11-05 05:57:38', '2025-11-05 13:58:21', 1300000.00, 1468000.00, 165000.00, 3000.00, N'Thừa quỹ 3,000 VNĐ.'),
(N'NV01103', '2025-11-05 14:00:11', '2025-11-05 22:04:05', 1500000.00, 1748500.00, 250000.00, -1500.00, N'Thiếu quỹ 1,500 VNĐ.'),
(N'NV02101', '2025-11-05 14:09:29', '2025-11-05 21:55:18', 1850000.00, 2225000.00, 375000.00, 0.00, N'Khớp số.'),

-- Ngày 06/11/2025 (Thứ Năm)
(N'NV01103', '2025-11-06 05:51:04', '2025-11-06 14:01:30', 1150000.00, 1295000.00, 145000.00, 0.00, N'Khớp số.'),
(N'NV01105', '2025-11-06 06:09:12', '2025-11-06 13:53:50', 1400000.00, 1511000.00, 110000.00, 1000.00, N'Thừa quỹ 1,000 VNĐ.'),
(N'NV01102', '2025-11-06 14:02:44', '2025-11-06 21:57:11', 1700000.00, 2090000.00, 390000.00, 0.00, N'Khớp số.'),
(N'NV01104', '2025-11-06 14:00:59', '2025-11-06 22:08:40', 1200000.00, 1473000.00, 275000.00, -2000.00, N'Thiếu quỹ 2,000 VNĐ.'),

-- Ngày 07/11/2025 (Thứ Sáu)
(N'NV01102', '2025-11-07 05:54:33', '2025-11-07 13:51:06', 1350000.00, 1415000.00, 65000.00, 0.00, N'Khớp số.'),
(N'NV01103', '2025-11-07 06:07:25', '2025-11-07 14:06:50', 1700000.00, 1810000.00, 110000.00, 0.00, N'Khớp số.'),
(N'NV01104', '2025-11-07 13:50:41', '2025-11-07 22:02:59', 1500000.00, 1900500.00, 400000.00, 500.00, N'Thừa quỹ 500 VNĐ.'),
(N'NV01105', '2025-11-07 18:04:18', '2025-11-07 21:53:30', 1100000.00, 1249000.00, 150000.00, -1000.00, N'Thiếu quỹ 1,000 VNĐ.'),

-- Ngày 08/11/2025 (Thứ Bảy)
(N'NV01102', '2025-11-08 06:00:36', '2025-11-08 13:58:19', 1250000.00, 1330000.00, 80000.00, 0.00, N'Khớp số.'),
(N'NV01104', '2025-11-08 05:55:05', '2025-11-08 14:03:00', 1900000.00, 2175000.00, 275000.00, 0.00, N'Khớp số.'),
(N'NV01103', '2025-11-08 14:07:20', '2025-11-08 22:06:45', 1600000.00, 1916000.00, 315000.00, 1000.00, N'Thừa quỹ 1,000 VNĐ.'),
(N'NV01105', '2025-11-08 06:09:55', '2025-11-08 09:50:11', 1000000.00, 1050000.00, 50000.00, 0.00, N'Khớp số ca part-time sáng.'),

-- Ngày 09/11/2025 (Chủ Nhật)
(N'NV01103', '2025-11-09 05:53:20', '2025-11-09 13:54:10', 1750000.00, 1917000.00, 170000.00, -3000.00, N'Thiếu quỹ 3,000 VNĐ. Giải trình sau.'),
(N'NV01105', '2025-11-09 06:05:15', '2025-11-09 14:08:25', 1400000.00, 1680000.00, 280000.00, 0.00, N'Khớp số.'),
(N'NV01102', '2025-11-09 13:58:50', '2025-11-09 22:01:03', 1950000.00, 2315000.00, 360000.00, 5000.00, N'Thừa quỹ 5,000 VNĐ. Cần kiểm tra lại.'),
(N'NV01104', '2025-11-09 14:00:20', '2025-11-09 21:51:33', 1100000.00, 1580000.00, 480000.00, 0.00, N'Khớp số.'),

-- Ngày 10/11/2025 (Thứ Hai)
(N'NV01102', '2025-11-10 05:59:08', '2025-11-10 14:02:11', 1500000.00, 1665000.00, 165000.00, 0.00, N'Khớp số.'),
(N'NV01103', '2025-11-10 06:07:30', '2025-11-10 13:56:45', 1300000.00, 1426200.00, 126000.00, 200.00, N'Thừa quỹ 200 VNĐ.'),
(N'NV01104', '2025-11-10 14:04:19', '2025-11-10 22:05:07', 1850000.00, 2289500.00, 440000.00, -500.00, N'Thiếu quỹ 500 VNĐ.'),
(N'NV01105', '2025-11-10 17:50:35', '2025-11-10 21:54:20', 1000000.00, 1045000.00, 45000.00, 0.00, N'Khớp số ca part-time.'),

-- Ngày 11/11/2025 (Thứ Ba)
(N'NV01102', '2025-11-11 06:01:40', '2025-11-11 13:57:33', 1600000.00, 1740000.00, 140000.00, 0.00, N'Khớp số.'),
(N'NV01104', '2025-11-11 05:53:15', '2025-11-11 14:06:01', 1200000.00, 1316000.00, 115000.00, 1000.00, N'Thừa quỹ 1,000 VNĐ.'),
(N'NV01103', '2025-11-11 14:00:45', '2025-11-11 22:08:10', 1750000.00, 2128000.00, 380000.00, -2000.00, N'Thiếu quỹ 2,000 VNĐ.'),
(N'NV02101', '2025-11-11 13:52:18', '2025-11-11 21:55:04', 1000000.00, 1155000.00, 155000.00, 0.00, N'Khớp số.'),

-- Ngày 12/11/2025 (Thứ Tư)
(N'NV01103', '2025-11-12 05:55:50', '2025-11-12 14:04:10', 1450000.00, 1516000.00, 66000.00, 0.00, N'Khớp số.'),
(N'NV01105', '2025-11-12 06:03:09', '2025-11-12 13:58:45', 1800000.00, 1875500.00, 75000.00, 500.00, N'Thừa quỹ 500 VNĐ.'),
(N'NV01102', '2025-11-12 14:01:22', '2025-11-12 21:51:19', 1900000.00, 2205000.00, 305000.00, 0.00, N'Khớp số.'),
(N'NV01104', '2025-11-12 14:06:50', '2025-11-12 22:09:05', 1150000.00, 1299500.00, 150000.00, -500.00, N'Thiếu quỹ 500 VNĐ.'),

-- Ngày 13/11/2025 (Thứ Năm)
(N'NV01102', '2025-11-13 06:09:02', '2025-11-13 14:05:55', 1500000.00, 1615000.00, 115000.00, 0.00, N'Khớp số.'),
(N'NV01103', '2025-11-13 05:50:30', '2025-11-13 13:53:11', 1200000.00, 1350000.00, 150000.00, 0.00, N'Khớp số.'),
(N'NV01104', '2025-11-13 14:02:40', '2025-11-13 22:00:50', 1700000.00, 2086000.00, 385000.00, 1000.00, N'Thừa quỹ 1,000 VNĐ.'),
(N'NV01105', '2025-11-13 18:08:18', '2025-11-13 21:50:40', 1000000.00, 1139500.00, 140000.00, -500.00, N'Thiếu quỹ 500 VNĐ.'),

-- Ngày 14/11/2025 (Thứ Sáu)
(N'NV01102', '2025-11-14 05:57:15', '2025-11-14 14:07:30', 1300000.00, 1620000.00, 320000.00, 0.00, N'Khớp số.'),
(N'NV01104', '2025-11-14 06:05:01', '2025-11-14 13:55:00', 1650000.00, 2005000.00, 353000.00, 2000.00, N'Thừa quỹ 2,000 VNĐ.'),
(N'NV01103', '2025-11-14 14:01:25', '2025-11-14 22:03:19', 1900000.00, 2119000.00, 220000.00, -1000.00, N'Thiếu quỹ 1,000 VNĐ.'),
(N'NV01105', '2025-11-14 06:08:35', '2025-11-14 09:59:15', 1050000.00, 1110000.00, 60000.00, 0.00, N'Khớp số ca part-time sáng.'),

-- Ngày 15/11/2025 (Thứ Bảy)
(N'NV01103', '2025-11-15 05:52:05', '2025-11-15 14:06:50', 1400000.00, 1550000.00, 150000.00, 0.00, N'Khớp số.'),
(N'NV01105', '2025-11-15 06:00:55', '2025-11-15 13:51:30', 1750000.00, 1861500.00, 110000.00, 1500.00, N'Thừa quỹ 1,500 VNĐ.'),
(N'NV01102', '2025-11-15 14:07:45', '2025-11-15 22:04:10', 1800000.00, 2175000.00, 380000.00, -5000.00, N'Thiếu quỹ 5,000 VNĐ. Cần kiểm tra CCTV.'),
(N'NV01104', '2025-11-15 13:58:30', '2025-11-15 21:55:05', 1200000.00, 1480000.00, 280000.00, 0.00, N'Khớp số.'),

-- Ngày 16/11/2025 (Chủ Nhật)
(N'NV01102', '2025-11-16 05:55:18', '2025-11-16 13:50:50', 1600000.00, 1851000.00, 250000.00, 1000.00, N'Thừa quỹ 1,000 VNĐ.'),
(N'NV01103', '2025-11-16 06:02:30', '2025-11-16 14:07:05', 1300000.00, 1500000.00, 200000.00, 0.00, N'Khớp số.'),
(N'NV01104', '2025-11-16 14:09:55', '2025-11-16 22:01:45', 1700000.00, 2245000.00, 550000.00, -5000.00, N'Thiếu quỹ 5,000 VNĐ. Cần kiểm tra.'),
(N'NV01105', '2025-11-16 18:03:00', '2025-11-16 21:52:10', 1000000.00, 1070000.00, 70000.00, 0.00, N'Khớp số ca part-time.'),

-- Ngày 17/11/2025 (Thứ Hai)
(N'NV01102', '2025-11-17 06:07:15', '2025-11-17 14:03:33', 1450000.00, 1555000.00, 105000.00, 0.00, N'Khớp số.'),
(N'NV01104', '2025-11-17 05:56:05', '2025-11-17 13:58:20', 1900000.00, 2026500.00, 125000.00, 1500.00, N'Thừa quỹ 1,500 VNĐ.'),
(N'NV01103', '2025-11-17 14:00:50', '2025-11-17 22:04:15', 1200000.00, 1520000.00, 320000.00, 0.00, N'Khớp số.'),
(N'NV02101', '2025-11-17 13:50:08', '2025-11-17 21:55:50', 1750000.00, 2123000.00, 375000.00, -2000.00, N'Thiếu quỹ 2,000 VNĐ.'),

-- Ngày 18/11/2025 (Thứ Ba)
(N'NV01103', '2025-11-18 06:05:40', '2025-11-18 13:54:19', 1100000.00, 1245000.00, 145000.00, 0.00, N'Khớp số.'),
(N'NV01105', '2025-11-18 05:59:10', '2025-11-18 14:01:05', 1500000.00, 1680000.00, 180000.00, 0.00, N'Khớp số.'),
(N'NV01102', '2025-11-18 14:08:25', '2025-11-18 21:50:33', 1800000.00, 2091000.00, 290000.00, 1000.00, N'Thừa quỹ 1,000 VNĐ.'),
(N'NV01104', '2025-11-18 14:00:01', '2025-11-18 22:07:20', 1350000.00, 1629500.00, 280000.00, -500.00, N'Thiếu quỹ 500 VNĐ.'),

-- Ngày 19/11/2025 (Thứ Tư)
(N'NV01102', '2025-11-19 05:52:19', '2025-11-19 14:05:55', 1700000.00, 1815000.00, 115000.00, 0.00, N'Khớp số.'),
(N'NV01103', '2025-11-19 06:09:30', '2025-11-19 13:53:40', 1250000.00, 1400000.00, 150000.00, 0.00, N'Khớp số.'),
(N'NV01104', '2025-11-19 13:51:11', '2025-11-19 22:00:25', 1950000.00, 2302000.00, 350000.00, 2000.00, N'Thừa quỹ 2,000 VNĐ.'),
(N'NV01105', '2025-11-19 17:59:35', '2025-11-19 21:58:08', 1000000.00, 1120000.00, 120000.00, 0.00, N'Khớp số ca part-time.'),

-- Ngày 20/11/2025 (Thứ Năm)
(N'NV01102', '2025-11-20 06:03:00', '2025-11-20 13:50:55', 1550000.00, 1680000.00, 130000.00, 0.00, N'Khớp số.'),
(N'NV01104', '2025-11-20 05:51:40', '2025-11-20 14:02:18', 1300000.00, 1500000.00, 200000.00, 0.00, N'Khớp số.'),
(N'NV01103', '2025-11-20 14:07:05', '2025-11-20 22:06:55', 1600000.00, 1899000.00, 300000.00, -1000.00, N'Thiếu quỹ 1,000 VNĐ.'),
(N'NV01105', '2025-11-20 05:55:10', '2025-11-20 09:59:12', 1050000.00, 1075000.00, 25000.00, 0.00, N'Khớp số ca part-time sáng.'),

-- Ngày 21/11/2025 (Thứ Sáu)
(N'NV01103', '2025-11-21 06:00:25', '2025-11-21 13:58:01', 1400000.00, 1520000.00, 120000.00, 0.00, N'Khớp số.'),
(N'NV01105', '2025-11-21 06:06:19', '2025-11-21 14:07:35', 1800000.00, 1961500.00, 160000.00, 1500.00, N'Thừa quỹ 1,500 VNĐ.'),
(N'NV01102', '2025-11-21 14:01:05', '2025-11-21 21:52:11', 1900000.00, 2260000.00, 360000.00, 0.00, N'Khớp số.'),
(N'NV01104', '2025-11-21 14:05:30', '2025-11-21 22:03:40', 1100000.00, 1449000.00, 350000.00, -1000.00, N'Thiếu quỹ 1,000 VNĐ.'),

-- Ngày 22/11/2025 (Thứ Bảy)
(N'NV01102', '2025-11-22 05:53:33', '2025-11-22 13:59:15', 1750000.00, 1880000.00, 130000.00, 0.00, N'Khớp số.'),
(N'NV01103', '2025-11-22 06:07:45', '2025-11-22 14:08:50', 1500000.00, 1720500.00, 220000.00, 500.00, N'Thừa quỹ 500 VNĐ.'),
(N'NV01104', '2025-11-22 14:00:20', '2025-11-22 21:55:01', 1850000.00, 2345000.00, 500000.00, -5000.00, N'Thiếu quỹ 5,000 VNĐ. Do bận, sơ sót.'),
(N'NV01105', '2025-11-22 17:51:15', '2025-11-22 22:04:19', 1000000.00, 1150000.00, 150000.00, 0.00, N'Khớp số ca part-time.'),

-- Ngày 23/11/2025 (Chủ Nhật)
(N'NV01102', '2025-11-23 05:59:10', '2025-11-23 13:51:30', 1600000.00, 1800000.00, 200000.00, 0.00, N'Khớp số.'),
(N'NV01104', '2025-11-23 06:01:05', '2025-11-23 14:05:40', 1400000.00, 1555000.00, 155000.00, 0.00, N'Khớp số.'),
(N'NV01103', '2025-11-23 14:03:55', '2025-11-23 22:00:11', 1700000.00, 2191000.00, 490000.00, 1000.00, N'Thừa quỹ 1,000 VNĐ.'),
(N'NV02101', '2025-11-23 13:50:50', '2025-11-23 21:59:45', 1150000.00, 1530000.00, 380000.00, 0.00, N'Khớp số.'),

-- Ngày 24/11/2025 (Thứ Hai)
(N'NV01103', '2025-11-24 06:07:35', '2025-11-24 13:54:55', 1800000.00, 1920000.00, 120000.00, 0.00, N'Khớp số.'),
(N'NV01105', '2025-11-24 05:50:11', '2025-11-24 14:02:20', 1250000.00, 1405000.00, 155000.00, 0.00, N'Khớp số.'),
(N'NV01102', '2025-11-24 14:00:05', '2025-11-24 21:57:33', 1650000.00, 1935000.00, 285000.00, -500.00, N'Thiếu quỹ 500 VNĐ.'),
(N'NV01104', '2025-11-24 14:09:12', '2025-11-24 22:01:50', 1500000.00, 1925000.00, 425000.00, 0.00, N'Khớp số.'),

-- Ngày 25/11/2025 (Thứ Ba)
(N'NV01102', '2025-11-25 05:55:50', '2025-11-25 13:50:00', 1900000.00, 2030000.00, 130000.00, 0.00, N'Khớp số.'),
(N'NV01103', '2025-11-25 06:04:18', '2025-11-25 14:04:30', 1100000.00, 1261000.00, 160000.00, 1000.00, N'Thừa quỹ 1,000 VNĐ.'),
(N'NV01104', '2025-11-25 14:01:55', '2025-11-25 22:08:22', 1700000.00, 2005000.00, 300000.00, 5000.00, N'Thừa quỹ 5,000 VNĐ. Cần xác minh.'),
(N'NV01105', '2025-11-25 18:07:30', '2025-11-25 21:51:11', 1000000.00, 1065000.00, 65000.00, 0.00, N'Khớp số ca part-time.'),

-- Ngày 26/11/2025 (Thứ Tư)
(N'NV01102', '2025-11-26 06:09:05', '2025-11-26 13:58:35', 1200000.00, 1335000.00, 135000.00, 0.00, N'Khớp số.'),
(N'NV01104', '2025-11-26 05:51:25', '2025-11-26 14:02:40', 1550000.00, 1700000.00, 150000.00, 0.00, N'Khớp số.'),
(N'NV01103', '2025-11-26 14:00:10', '2025-11-26 22:04:55', 1850000.00, 2197500.00, 350000.00, -2500.00, N'Thiếu quỹ 2,500 VNĐ.'),
(N'NV01105', '2025-11-26 05:54:40', '2025-11-26 09:50:03', 1000000.00, 1030000.00, 30000.00, 0.00, N'Khớp số ca part-time sáng.'),

-- Ngày 27/11/2025 (Thứ Năm)
(N'NV01103', '2025-11-27 06:05:08', '2025-11-27 13:57:40', 1450000.00, 1565000.00, 115000.00, 0.00, N'Khớp số.'),
(N'NV01105', '2025-11-27 06:00:30', '2025-11-27 14:08:15', 1700000.00, 1850000.00, 150000.00, 0.00, N'Khớp số.'),
(N'NV01102', '2025-11-27 14:09:50', '2025-11-27 21:55:00', 1900000.00, 2261000.00, 360000.00, 1000.00, N'Thừa quỹ 1,000 VNĐ.'),
(N'NV01104', '2025-11-27 13:53:11', '2025-11-27 22:03:33', 1300000.00, 1699500.00, 400000.00, -500.00, N'Thiếu quỹ 500 VNĐ.'),

-- Ngày 28/11/2025 (Thứ Sáu)
(N'NV01102', '2025-11-28 05:56:55', '2025-11-28 14:00:20', 1600000.00, 1750000.00, 150000.00, 0.00, N'Khớp số.'),
(N'NV01103', '2025-11-28 06:03:40', '2025-11-28 13:51:19', 1400000.00, 1515000.00, 115000.00, 0.00, N'Khớp số.'),
(N'NV01104', '2025-11-28 14:05:01', '2025-11-28 22:07:05', 1750000.00, 2151000.00, 400000.00, 1000.00, N'Thừa quỹ 1,000 VNĐ.'),
(N'NV01105', '2025-11-28 17:58:30', '2025-11-28 21:52:18', 1000000.00, 1085000.00, 85000.00, 0.00, N'Khớp số ca part-time.'),

-- Ngày 29/11/2025 (Thứ Bảy)
(N'NV01102', '2025-11-29 06:01:22', '2025-11-29 14:08:45', 1350000.00, 1520000.00, 170000.00, 0.00, N'Khớp số.'),
(N'NV01104', '2025-11-29 05:54:05', '2025-11-29 13:50:50', 1800000.00, 2040000.00, 240000.00, 0.00, N'Khớp số.'),
(N'NV01103', '2025-11-29 14:06:50', '2025-11-29 22:04:33', 1900000.00, 2355000.00, 450000.00, 5000.00, N'Thừa quỹ 5,000 VNĐ.'),
(N'NV02101', '2025-11-29 13:51:30', '2025-11-29 21:55:01', 1000000.00, 1400000.00, 400000.00, 0.00, N'Khớp số.'),

-- Ngày 30/11/2025 (Chủ Nhật)
(N'NV01103', '2025-11-30 06:09:55', '2025-11-30 13:52:10', 1500000.00, 1720000.00, 220000.00, 0.00, N'Khớp số.'),
(N'NV01105', '2025-11-30 05:50:30', '2025-11-30 14:01:50', 1600000.00, 1785000.00, 185000.00, 0.00, N'Khớp số.'),
(N'NV01102', '2025-11-30 14:05:40', '2025-11-30 22:00:25', 1700000.00, 2245000.00, 550000.00, -5000.00, N'Thiếu quỹ 5,000 VNĐ. Có thể do nhầm lẫn.'),
(N'NV01104', '2025-11-30 14:03:00', '2025-11-30 21:56:45', 1200000.00, 1699000.00, 500000.00, -1000.00, N'Thiếu quỹ 1,000 VNĐ.'),

-- Ngày 01/12/2025 (Thứ Hai)
(N'NV01102', '2025-12-01 05:55:10', '2025-12-01 13:50:40', 1800000.00, 1915000.00, 115000.00, 0.00, N'Khớp số đầu tháng.'),
(N'NV01103', '2025-12-01 06:06:55', '2025-12-01 14:05:55', 1100000.00, 1261000.00, 160000.00, 1000.00, N'Thừa quỹ 1,000 VNĐ.'),
(N'NV01104', '2025-12-01 14:01:05', '2025-12-01 22:08:18', 1650000.00, 2049500.00, 400000.00, -500.00, N'Thiếu quỹ 500 VNĐ.'),
(N'NV01105', '2025-12-01 17:59:00', '2025-12-01 21:52:30', 1000000.00, 1075000.00, 75000.00, 0.00, N'Khớp số ca part-time.'),

-- Ngày 02/12/2025 (Thứ Ba)
(N'NV01102', '2025-12-02 06:08:40', '2025-12-02 13:53:11', 1550000.00, 1700000.00, 150000.00, 0.00, N'Khớp số.'),
(N'NV01104', '2025-12-02 05:51:22', '2025-12-02 14:02:40', 1300000.00, 1420000.00, 120000.00, 0.00, N'Khớp số.'),
(N'NV01103', '2025-12-02 14:05:50', '2025-12-02 21:59:05', 1700000.00, 2030000.00, 330000.00, 0.00, N'Khớp số.'),
(N'NV01105', '2025-12-02 05:58:30', '2025-12-02 09:50:55', 1050000.00, 1075000.00, 25000.00, 0.00, N'Khớp số ca part-time sáng.'),

-- Ngày 03/12/2025 (Thứ Tư)
(N'NV01103', '2025-12-03 06:00:03', '2025-12-03 14:09:55', 1900000.00, 2015000.00, 115000.00, 0.00, N'Khớp số.'),
(N'NV01105', '2025-12-03 05:53:19', '2025-12-03 13:54:12', 1200000.00, 1371000.00, 170000.00, 1000.00, N'Thừa quỹ 1,000 VNĐ.'),
(N'NV01102', '2025-12-03 14:03:33', '2025-12-03 22:07:05', 1850000.00, 2199000.00, 350000.00, -1000.00, N'Thiếu quỹ 1,000 VNĐ.'),
(N'NV01104', '2025-12-03 13:50:18', '2025-12-03 21:51:19', 1400000.00, 1720000.00, 320000.00, 0.00, N'Khớp số.'),

-- Ngày 04/12/2025 (Thứ Năm)
(N'NV01102', '2025-12-04 06:07:45', '2025-12-04 13:56:50', 1600000.00, 1735000.00, 135000.00, 0.00, N'Khớp số.'),
(N'NV01103', '2025-12-04 05:56:07', '2025-12-04 14:00:30', 1750000.00, 1860000.00, 110000.00, 0.00, N'Khớp số.'),
(N'NV01104', '2025-12-04 14:02:44', '2025-12-04 22:05:45', 1900000.00, 2302000.00, 400000.00, 2000.00, N'Thừa quỹ 2,000 VNĐ.'),
(N'NV01105', '2025-12-04 18:08:20', '2025-12-04 21:52:11', 1000000.00, 1055000.00, 55000.00, 0.00, N'Khớp số ca part-time.'),

-- Ngày 05/12/2025 (Thứ Sáu)
(N'NV01102', '2025-12-05 05:59:15', '2025-12-05 14:01:40', 1400000.00, 1515000.00, 115000.00, 0.00, N'Khớp số.'),
(N'NV01104', '2025-12-05 06:05:08', '2025-12-05 13:58:30', 1800000.00, 1950000.00, 150000.00, 0.00, N'Khớp số.'),
(N'NV01103', '2025-12-05 14:00:45', '2025-12-05 22:04:15', 1650000.00, 1929500.00, 280000.00, -500.00, N'Thiếu quỹ 500 VNĐ.'),
(N'NV02101', '2025-12-05 13:51:25', '2025-12-05 21:55:50', 1100000.00, 1490000.00, 390000.00, 0.00, N'Khớp số.'),

-- Ngày 06/12/2025 (Thứ Bảy)
(N'NV01103', '2025-12-06 06:01:19', '2025-12-06 14:07:33', 1500000.00, 1720000.00, 220000.00, 0.00, N'Khớp số.'),
(N'NV01105', '2025-12-06 05:54:33', '2025-12-06 13:50:00', 1900000.00, 2031500.00, 130000.00, 1500.00, N'Thừa quỹ 1,500 VNĐ.'),
(N'NV01102', '2025-12-06 14:06:10', '2025-12-06 22:09:50', 1700000.00, 2245000.00, 550000.00, -5000.00, N'Thiếu quỹ 5,000 VNĐ. Cần kiểm tra lại.'),
(N'NV01104', '2025-12-06 13:53:33', '2025-12-06 21:54:10', 1250000.00, 1729000.00, 480000.00, -1000.00, N'Thiếu quỹ 1,000 VNĐ.'),

-- Ngày 07/12/2025 (Chủ Nhật)
(N'NV01102', '2025-12-07 05:50:05', '2025-12-07 14:08:25', 1600000.00, 1850000.00, 250000.00, 0.00, N'Khớp số.'),
(N'NV01103', '2025-12-07 06:00:25', '2025-12-07 13:51:11', 1400000.00, 1585000.00, 185000.00, 0.00, N'Khớp số.'),
(N'NV01104', '2025-12-07 14:03:00', '2025-12-07 22:00:45', 1950000.00, 2505000.00, 550000.00, 5000.00, N'Thừa quỹ 5,000 VNĐ. Ngày cuối tuần.'),
(N'NV01105', '2025-12-07 17:55:50', '2025-12-07 21:59:30', 1000000.00, 1150000.00, 150000.00, 0.00, N'Khớp số ca part-time.'),

-- Ngày 08/12/2025 (Thứ Hai)
(N'NV01102', '2025-12-08 06:09:40', '2025-12-08 14:06:55', 1700000.00, 1845000.00, 145000.00, 0.00, N'Khớp số.'),
(N'NV01104', '2025-12-08 05:52:19', '2025-12-08 13:54:40', 1200000.00, 1351000.00, 150000.00, 1000.00, N'Thừa quỹ 1,000 VNĐ.'),
(N'NV01103', '2025-12-08 14:00:11', '2025-12-08 22:03:03', 1800000.00, 2199000.00, 400000.00, -1000.00, N'Thiếu quỹ 1,000 VNĐ.'),
(N'NV01105', '2025-12-08 05:51:50', '2025-12-08 09:59:45', 1050000.00, 1080000.00, 30000.00, 0.00, N'Khớp số ca part-time sáng.'),

-- Ngày 09/12/2025 (Thứ Ba)
(N'NV01103', '2025-12-09 06:07:30', '2025-12-09 14:04:19', 1300000.00, 1450000.00, 150000.00, 0.00, N'Khớp số.'),
(N'NV01105', '2025-12-09 05:55:01', '2025-12-09 13:55:50', 1700000.00, 1825000.00, 125000.00, 0.00, N'Khớp số.'),
(N'NV01102', '2025-12-09 14:06:55', '2025-12-09 22:01:06', 1900000.00, 2200000.00, 300000.00, 0.00, N'Khớp số.'),
(N'NV01104', '2025-12-09 13:50:35', '2025-12-09 21:58:50', 1500000.00, 1849000.00, 350000.00, -1000.00, N'Thiếu quỹ 1,000 VNĐ.'),

-- Ngày 10/12/2025 (Thứ Tư)
(N'NV01102', '2025-12-10 06:09:12', '2025-12-10 13:52:18', 1450000.00, 1616000.00, 165000.00, 1000.00, N'Thừa quỹ 1,000 VNĐ.'),
(N'NV01103', '2025-12-10 05:50:40', '2025-12-10 14:07:25', 1100000.00, 1220000.00, 120000.00, 0.00, N'Khớp số.'),
(N'NV01104', '2025-12-10 14:03:40', '2025-12-10 22:04:44', 1750000.00, 2151000.00, 400000.00, 1000.00, N'Thừa quỹ 1,000 VNĐ.'),
(N'NV01105', '2025-12-10 18:02:22', '2025-12-10 21:55:01', 1000000.00, 1070000.00, 70000.00, 0.00, N'Khớp số ca part-time.'),

-- Ngày 11/12/2025 (Thứ Năm)
(N'NV01102', '2025-12-11 05:59:08', '2025-12-11 13:58:30', 1600000.00, 1755000.00, 155000.00, 0.00, N'Khớp số.'),
(N'NV01104', '2025-12-11 06:04:33', '2025-12-11 14:00:05', 1850000.00, 1980000.00, 130000.00, -5000.00, N'Thiếu quỹ 5,000 VNĐ.'),
(N'NV01103', '2025-12-11 13:52:19', '2025-12-11 22:06:30', 1200000.00, 1549500.00, 350000.00, -500.00, N'Thiếu quỹ 500 VNĐ.'),
(N'NV02101', '2025-12-11 14:00:55', '2025-12-11 21:53:33', 1700000.00, 2060000.00, 360000.00, 0.00, N'Khớp số.'),

-- Ngày 12/12/2025 (Thứ Sáu)
(N'NV01103', '2025-12-12 06:06:45', '2025-12-12 14:01:58', 1500000.00, 1615000.00, 115000.00, 0.00, N'Khớp số.'),
(N'NV01105', '2025-12-12 05:50:00', '2025-12-12 13:57:40', 1900000.00, 2070000.00, 170000.00, 0.00, N'Khớp số.'),
(N'NV01102', '2025-12-12 14:05:15', '2025-12-12 21:51:05', 1750000.00, 2100500.00, 350000.00, 500.00, N'Thừa quỹ 500 VNĐ.'),
(N'NV01104', '2025-12-12 14:00:20', '2025-12-12 22:09:12', 1300000.00, 1718000.00, 420000.00, -2000.00, N'Thiếu quỹ 2,000 VNĐ.'),

-- Ngày 13/12/2025 (Thứ Bảy)
(N'NV01102', '2025-12-13 05:53:22', '2025-12-13 14:02:30', 1600000.00, 1800000.00, 200000.00, 0.00, N'Khớp số.'),
(N'NV01103', '2025-12-13 06:01:05', '2025-12-13 13:53:50', 1450000.00, 1655000.00, 205000.00, 0.00, N'Khớp số.'),
(N'NV01104', '2025-12-13 14:08:45', '2025-12-13 22:04:15', 1900000.00, 2405000.00, 500000.00, 5000.00, N'Thừa quỹ 5,000 VNĐ. Có nhầm lẫn.'),
(N'NV01105', '2025-12-13 18:00:40', '2025-12-13 21:59:55', 1000000.00, 1145000.00, 145000.00, 0.00, N'Khớp số ca part-time.'),

-- Ngày 14/12/2025 (Chủ Nhật)
(N'NV01102', '2025-12-14 06:00:50', '2025-12-14 13:51:33', 1700000.00, 1920000.00, 220000.00, 0.00, N'Khớp số.'),
(N'NV01104', '2025-12-14 05:55:55', '2025-12-14 14:05:11', 1200000.00, 1435000.00, 235000.00, 0.00, N'Khớp số.'),
(N'NV01103', '2025-12-14 14:07:20', '2025-12-14 22:06:50', 1850000.00, 2349000.00, 500000.00, -1000.00, N'Thiếu quỹ 1,000 VNĐ.'),
(N'NV01105', '2025-12-14 06:03:09', '2025-12-14 09:50:08', 1050000.00, 1100000.00, 50000.00, 0.00, N'Khớp số ca part-time sáng.'),

-- Ngày 15/12/2025 (Thứ Hai)
(N'NV01103', '2025-12-15 05:51:40', '2025-12-15 14:09:47', 1500000.00, 1625000.00, 125000.00, 0.00, N'Khớp số.'),
(N'NV01105', '2025-12-15 06:06:30', '2025-12-15 13:58:35', 1900000.00, 2011000.00, 110000.00, 1000.00, N'Thừa quỹ 1,000 VNĐ.'),
(N'NV01102', '2025-12-15 14:00:55', '2025-12-15 21:55:55', 1600000.00, 1950000.00, 350000.00, 0.00, N'Khớp số.'),
(N'NV01104', '2025-12-15 14:05:01', '2025-12-15 22:08:10', 1300000.00, 1699500.00, 400000.00, -500.00, N'Thiếu quỹ 500 VNĐ.'),

-- Ngày 16/12/2025 (Thứ Ba)
(N'NV01102', '2025-12-16 06:03:15', '2025-12-16 13:50:22', 1750000.00, 1920000.00, 170000.00, 0.00, N'Khớp số.'),
(N'NV01103', '2025-12-16 05:52:10', '2025-12-16 14:01:05', 1200000.00, 1335000.00, 135000.00, 0.00, N'Khớp số.'),
(N'NV01104', '2025-12-16 14:00:05', '2025-12-16 22:05:40', 1850000.00, 2253000.00, 400000.00, 3000.00, N'Thừa quỹ 3,000 VNĐ.'),
(N'NV01105', '2025-12-16 17:54:33', '2025-12-16 21:53:19', 1000000.00, 1085000.00, 85000.00, 0.00, N'Khớp số ca part-time.'),

-- Ngày 17/12/2025 (Thứ Tư)
(N'NV01102', '2025-12-17 06:07:20', '2025-12-17 14:06:50', 1600000.00, 1750000.00, 150000.00, 0.00, N'Khớp số.'),
(N'NV01104', '2025-12-17 05:50:30', '2025-12-17 13:58:19', 1900000.00, 2035000.00, 135000.00, 0.00, N'Khớp số.'),
(N'NV01103', '2025-12-17 14:08:55', '2025-12-17 22:00:40', 1250000.00, 1547500.00, 300000.00, -2500.00, N'Thiếu quỹ 2,500 VNĐ.'),
(N'NV02101', '2025-12-17 14:05:11', '2025-12-17 21:55:50', 1700000.00, 2080000.00, 380000.00, 0.00, N'Khớp số.'),

-- Ngày 18/12/2025 (Thứ Năm)
(N'NV01103', '2025-12-18 05:53:33', '2025-12-18 13:51:50', 1500000.00, 1615000.00, 115000.00, 0.00, N'Khớp số.'),
(N'NV01105', '2025-12-18 06:02:18', '2025-12-18 14:03:00', 1800000.00, 1950000.00, 150000.00, 0.00, N'Khớp số.'),
(N'NV01102', '2025-12-18 14:07:30', '2025-12-18 21:50:11', 1900000.00, 2281000.00, 380000.00, 1000.00, N'Thừa quỹ 1,000 VNĐ.'),
(N'NV01104', '2025-12-18 13:58:05', '2025-12-18 22:04:45', 1300000.00, 1629000.00, 330000.00, -1000.00, N'Thiếu quỹ 1,000 VNĐ.'),

-- Ngày 19/12/2025 (Thứ Sáu)
(N'NV01102', '2025-12-19 06:01:06', '2025-11-19 14:01:40', 1600000.00, 1750000.00, 150000.00, 0.00, N'Khớp số.'),
(N'NV01103', '2025-12-19 05:54:15', '2025-11-19 13:55:55', 1450000.00, 1605000.00, 155000.00, 0.00, N'Khớp số.'),
(N'NV01104', '2025-12-19 14:07:50', '2025-11-19 21:52:19', 1700000.00, 2151000.00, 450000.00, 1000.00, N'Thừa quỹ 1,000 VNĐ.'),
(N'NV01105', '2025-12-19 18:03:00', '2025-11-19 21:56:30', 1000000.00, 1130000.00, 130000.00, 0.00, N'Khớp số ca part-time.'),

-- Ngày 20/12/2025 (Thứ Bảy)
(N'NV01102', '2025-12-20 05:59:55', '2025-12-20 14:00:08', 1750000.00, 1955000.00, 205000.00, 0.00, N'Khớp số.'),
(N'NV01104', '2025-12-20 06:05:40', '2025-12-20 13:50:50', 1200000.00, 1450000.00, 250000.00, 0.00, N'Khớp số.'),
(N'NV01103', '2025-12-20 14:01:10', '2025-12-20 22:04:18', 1900000.00, 2375000.00, 470000.00, 5000.00, N'Thừa quỹ 5,000 VNĐ. Ngày cuối tuần.'),
(N'NV01105', '2025-12-20 06:08:25', '2025-12-20 09:59:15', 1050000.00, 1090000.00, 40000.00, 0.00, N'Khớp số ca part-time sáng.'),

-- Ngày 21/12/2025 (Chủ Nhật)
(N'NV01103', '2025-12-21 05:51:50', '2025-12-21 14:06:40', 1500000.00, 1720000.00, 220000.00, 0.00, N'Khớp số.'),
(N'NV01105', '2025-12-21 06:09:33', '2025-12-21 13:58:30', 1800000.00, 2031000.00, 230000.00, 1000.00, N'Thừa quỹ 1,000 VNĐ.'),
(N'NV01102', '2025-12-21 14:00:50', '2025-12-21 21:55:01', 1700000.00, 2269000.00, 570000.00, -1000.00, N'Thiếu quỹ 1,000 VNĐ.'),
(N'NV01104', '2025-12-21 13:50:35', '2025-12-21 22:01:22', 1300000.00, 1825000.00, 525000.00, 0.00, N'Khớp số.'),

-- Ngày 22/12/2025 (Thứ Hai)
(N'NV01102', '2025-12-22 06:07:15', '2025-12-22 14:03:09', 1600000.00, 1755000.00, 155000.00, 0.00, N'Khớp số.'),
(N'NV01103', '2025-12-22 05:50:50', '2025-12-22 13:54:19', 1900000.00, 2025000.00, 125000.00, 0.00, N'Khớp số.'),
(N'NV01104', '2025-12-22 14:00:40', '2025-12-22 22:08:45', 1750000.00, 2151000.00, 400000.00, 1000.00, N'Thừa quỹ 1,000 VNĐ.'),
(N'NV01105', '2025-12-22 18:05:55', '2025-12-22 21:51:30', 1000000.00, 1050000.00, 50000.00, 0.00, N'Khớp số ca part-time.');
GO


UPDATE KhachHang
SET tongChiTieu = (
    SELECT ISNULL(SUM(hd.tongTien), 0)
    FROM HoaDon hd
    INNER JOIN DonDatMon ddm ON hd.maDon = ddm.maDon
    WHERE ddm.maKH = KhachHang.maKH
    AND hd.trangThai = N'Đã thanh toán'
);
GO

UPDATE KhachHang
SET hangThanhVien = CASE
    WHEN tongChiTieu >= 50000000 THEN N'DIAMOND'
    WHEN tongChiTieu >= 25000000 THEN N'GOLD'
    WHEN tongChiTieu >= 10000000 THEN N'SILVER'
    WHEN tongChiTieu >= 5000000  THEN N'BRONZE'
    ELSE N'MEMBER'
END
WHERE hangThanhVien <> N'NONE';
GO